"Focal_strain","Competitor_community","PhagePresence","Time_day","Repeat","Pop","Density"
"PA14","None",1,0,NA,"PA14",3020000
"PA14","None",1,0,NA,"PA14",3200000
"PA14","None",1,0,NA,"PA14",3760000
"PA14","SA",1,0,NA,"PA14",544000
"PA14","SA",1,0,NA,"PA14",574000
"PA14","SA",1,0,NA,"PA14",582000
"PA14","SA",1,0,NA,"SA",8100000
"PA14","SA",1,0,NA,"SA",6700000
"PA14","SA",1,0,NA,"SA",7200000
"PA14","AB",1,0,NA,"PA14",3280000
"PA14","AB",1,0,NA,"PA14",3400000
"PA14","AB",1,0,NA,"PA14",3640000
"PA14","AB",1,0,NA,"AB",17200000
"PA14","AB",1,0,NA,"AB",14480000
"PA14","AB",1,0,NA,"AB",16880000
"PA14","BC",1,0,NA,"PA14",730000
"PA14","BC",1,0,NA,"PA14",774000
"PA14","BC",1,0,NA,"PA14",756000
"PA14","BC",1,0,NA,"BC",6880000
"PA14","BC",1,0,NA,"BC",7200000
"PA14","BC",1,0,NA,"BC",6920000
"PA14","AB+BC+SA",1,0,NA,"PA14",820000
"PA14","AB+BC+SA",1,0,NA,"PA14",722000
"PA14","AB+BC+SA",1,0,NA,"PA14",790000
"PA14","AB+BC+SA",1,0,NA,"SA",1532000
"PA14","AB+BC+SA",1,0,NA,"SA",2800000
"PA14","AB+BC+SA",1,0,NA,"SA",2980000
"PA14","AB+BC+SA",1,0,NA,"AB",2540000
"PA14","AB+BC+SA",1,0,NA,"AB",2640000
"PA14","AB+BC+SA",1,0,NA,"AB",2680000
"PA14","AB+BC+SA",1,0,NA,"BC",3140000
"PA14","AB+BC+SA",1,0,NA,"BC",2860000
"PA14","AB+BC+SA",1,0,NA,"BC",2760000
"PA14","AB+BC+SA",1,1,1,"PA14",12880000
"PA14","AB+BC+SA",1,1,1,"PA14",13280000
"PA14","AB+BC+SA",1,1,1,"PA14",13580000
"PA14","AB+BC+SA",1,1,2,"PA14",15560000
"PA14","AB+BC+SA",1,1,2,"PA14",15100000
"PA14","AB+BC+SA",1,1,2,"PA14",15780000
"PA14","AB+BC+SA",1,1,3,"PA14",12120000
"PA14","AB+BC+SA",1,1,3,"PA14",12600000
"PA14","AB+BC+SA",1,1,3,"PA14",12360000
"PA14","AB+BC+SA",1,1,4,"PA14",10800000
"PA14","AB+BC+SA",1,1,4,"PA14",10840000
"PA14","AB+BC+SA",1,1,4,"PA14",10800000
"PA14","AB+BC+SA",1,1,5,"PA14",11300000
"PA14","AB+BC+SA",1,1,5,"PA14",11640000
"PA14","AB+BC+SA",1,1,5,"PA14",12580000
"PA14","AB+BC+SA",1,1,6,"PA14",14360000
"PA14","AB+BC+SA",1,1,6,"PA14",14560000
"PA14","AB+BC+SA",1,1,6,"PA14",14200000
"PA14","AB+BC+SA",1,1,1,"SA",9960
"PA14","AB+BC+SA",1,1,1,"SA",10640
"PA14","AB+BC+SA",1,1,1,"SA",11540
"PA14","AB+BC+SA",1,1,2,"SA",11320
"PA14","AB+BC+SA",1,1,2,"SA",11020
"PA14","AB+BC+SA",1,1,2,"SA",11560
"PA14","AB+BC+SA",1,1,3,"SA",9060
"PA14","AB+BC+SA",1,1,3,"SA",9100
"PA14","AB+BC+SA",1,1,3,"SA",9260
"PA14","AB+BC+SA",1,1,4,"SA",13280
"PA14","AB+BC+SA",1,1,4,"SA",12900
"PA14","AB+BC+SA",1,1,4,"SA",12720
"PA14","AB+BC+SA",1,1,5,"SA",7280
"PA14","AB+BC+SA",1,1,5,"SA",7740
"PA14","AB+BC+SA",1,1,5,"SA",6720
"PA14","AB+BC+SA",1,1,6,"SA",19580
"PA14","AB+BC+SA",1,1,6,"SA",19540
"PA14","AB+BC+SA",1,1,6,"SA",18300
"PA14","AB+BC+SA",1,1,1,"AB",1426000
"PA14","AB+BC+SA",1,1,1,"AB",1588000
"PA14","AB+BC+SA",1,1,1,"AB",1714000
"PA14","AB+BC+SA",1,1,2,"AB",1848000
"PA14","AB+BC+SA",1,1,2,"AB",1718000
"PA14","AB+BC+SA",1,1,2,"AB",1992000
"PA14","AB+BC+SA",1,1,3,"AB",1688000
"PA14","AB+BC+SA",1,1,3,"AB",1664000
"PA14","AB+BC+SA",1,1,3,"AB",1668000
"PA14","AB+BC+SA",1,1,4,"AB",364
"PA14","AB+BC+SA",1,1,4,"AB",320
"PA14","AB+BC+SA",1,1,4,"AB",436
"PA14","AB+BC+SA",1,1,5,"AB",1424000
"PA14","AB+BC+SA",1,1,5,"AB",1524000
"PA14","AB+BC+SA",1,1,5,"AB",1704000
"PA14","AB+BC+SA",1,1,6,"AB",1926000
"PA14","AB+BC+SA",1,1,6,"AB",2020000
"PA14","AB+BC+SA",1,1,6,"AB",2e+06
"PA14","AB+BC+SA",1,1,1,"BC",12460000
"PA14","AB+BC+SA",1,1,1,"BC",12080000
"PA14","AB+BC+SA",1,1,1,"BC",12760000
"PA14","AB+BC+SA",1,1,2,"BC",10360000
"PA14","AB+BC+SA",1,1,2,"BC",10640000
"PA14","AB+BC+SA",1,1,2,"BC",9540000
"PA14","AB+BC+SA",1,1,3,"BC",11780000
"PA14","AB+BC+SA",1,1,3,"BC",10680000
"PA14","AB+BC+SA",1,1,3,"BC",11680000
"PA14","AB+BC+SA",1,1,4,"BC",11060000
"PA14","AB+BC+SA",1,1,4,"BC",NA
"PA14","AB+BC+SA",1,1,4,"BC",NA
"PA14","AB+BC+SA",1,1,5,"BC",10420000
"PA14","AB+BC+SA",1,1,5,"BC",10820000
"PA14","AB+BC+SA",1,1,5,"BC",11720000
"PA14","AB+BC+SA",1,1,6,"BC",13540000
"PA14","AB+BC+SA",1,1,6,"BC",13080000
"PA14","AB+BC+SA",1,1,6,"BC",13840000
"PA14","SA",1,1,1,"PA14",23200000
"PA14","SA",1,1,1,"PA14",24400000
"PA14","SA",1,1,1,"PA14",16380000
"PA14","SA",1,1,2,"PA14",28600000
"PA14","SA",1,1,2,"PA14",2.8e+07
"PA14","SA",1,1,2,"PA14",26400000
"PA14","SA",1,1,3,"PA14",23800000
"PA14","SA",1,1,3,"PA14",23400000
"PA14","SA",1,1,3,"PA14",20600000
"PA14","SA",1,1,4,"PA14",23800000
"PA14","SA",1,1,4,"PA14",22600000
"PA14","SA",1,1,4,"PA14",22200000
"PA14","SA",1,1,5,"PA14",24200000
"PA14","SA",1,1,5,"PA14",25800000
"PA14","SA",1,1,5,"PA14",2.3e+07
"PA14","SA",1,1,6,"PA14",3e+07
"PA14","SA",1,1,6,"PA14",30200000
"PA14","SA",1,1,6,"PA14",20800000
"PA14","SA",1,1,1,"SA",1426000
"PA14","SA",1,1,1,"SA",1482000
"PA14","SA",1,1,1,"SA",1528000
"PA14","SA",1,1,2,"SA",1602000
"PA14","SA",1,1,2,"SA",1746000
"PA14","SA",1,1,2,"SA",1704000
"PA14","SA",1,1,3,"SA",466000
"PA14","SA",1,1,3,"SA",468000
"PA14","SA",1,1,3,"SA",474000
"PA14","SA",1,1,4,"SA",540000
"PA14","SA",1,1,4,"SA",548000
"PA14","SA",1,1,4,"SA",624000
"PA14","SA",1,1,5,"SA",916000
"PA14","SA",1,1,5,"SA",944000
"PA14","SA",1,1,5,"SA",1024000
"PA14","SA",1,1,6,"SA",1262000
"PA14","SA",1,1,6,"SA",1320000
"PA14","SA",1,1,6,"SA",1252000
"PA14","AB",1,1,1,"PA14",12580000
"PA14","AB",1,1,1,"PA14",12780000
"PA14","AB",1,1,1,"PA14",11860000
"PA14","AB",1,1,2,"PA14",13980000
"PA14","AB",1,1,2,"PA14",13720000
"PA14","AB",1,1,2,"PA14",13660000
"PA14","AB",1,1,3,"PA14",14460000
"PA14","AB",1,1,3,"PA14",14060000
"PA14","AB",1,1,3,"PA14",13140000
"PA14","AB",1,1,4,"PA14",16360000
"PA14","AB",1,1,4,"PA14",16520000
"PA14","AB",1,1,4,"PA14",13460000
"PA14","AB",1,1,5,"PA14",12120000
"PA14","AB",1,1,5,"PA14",12520000
"PA14","AB",1,1,5,"PA14",12300000
"PA14","AB",1,1,6,"PA14",13060000
"PA14","AB",1,1,6,"PA14",13580000
"PA14","AB",1,1,6,"PA14",11300000
"PA14","AB",1,1,1,"AB",6560000
"PA14","AB",1,1,1,"AB",6120000
"PA14","AB",1,1,1,"AB",6100000
"PA14","AB",1,1,2,"AB",7260000
"PA14","AB",1,1,2,"AB",7900000
"PA14","AB",1,1,2,"AB",7900000
"PA14","AB",1,1,3,"AB",7360000
"PA14","AB",1,1,3,"AB",6860000
"PA14","AB",1,1,3,"AB",7480000
"PA14","AB",1,1,4,"AB",9080000
"PA14","AB",1,1,4,"AB",8600000
"PA14","AB",1,1,4,"AB",8600000
"PA14","AB",1,1,5,"AB",6200000
"PA14","AB",1,1,5,"AB",6200000
"PA14","AB",1,1,5,"AB",7060000
"PA14","AB",1,1,6,"AB",7780000
"PA14","AB",1,1,6,"AB",7960000
"PA14","AB",1,1,6,"AB",7500000
"PA14","BC",1,1,1,"PA14",3580000
"PA14","BC",1,1,1,"PA14",3740000
"PA14","BC",1,1,1,"PA14",4080000
"PA14","BC",1,1,2,"PA14",3440000
"PA14","BC",1,1,2,"PA14",3480000
"PA14","BC",1,1,2,"PA14",3360000
"PA14","BC",1,1,3,"PA14",3220000
"PA14","BC",1,1,3,"PA14",3040000
"PA14","BC",1,1,3,"PA14",3380000
"PA14","BC",1,1,4,"PA14",4240000
"PA14","BC",1,1,4,"PA14",4260000
"PA14","BC",1,1,4,"PA14",4600000
"PA14","BC",1,1,5,"PA14",6180000
"PA14","BC",1,1,5,"PA14",6300000
"PA14","BC",1,1,5,"PA14",6840000
"PA14","BC",1,1,6,"PA14",3260000
"PA14","BC",1,1,6,"PA14",3360000
"PA14","BC",1,1,6,"PA14",3280000
"PA14","BC",1,1,1,"BC",7900000
"PA14","BC",1,1,1,"BC",7640000
"PA14","BC",1,1,1,"BC",7640000
"PA14","BC",1,1,2,"BC",3260000
"PA14","BC",1,1,2,"BC",3820000
"PA14","BC",1,1,2,"BC",3720000
"PA14","BC",1,1,3,"BC",11360000
"PA14","BC",1,1,3,"BC",11940000
"PA14","BC",1,1,3,"BC",11080000
"PA14","BC",1,1,4,"BC",10520000
"PA14","BC",1,1,4,"BC",10920000
"PA14","BC",1,1,4,"BC",10660000
"PA14","BC",1,1,5,"BC",8280000
"PA14","BC",1,1,5,"BC",8080000
"PA14","BC",1,1,5,"BC",9820000
"PA14","BC",1,1,6,"BC",3360000
"PA14","BC",1,1,6,"BC",3600000
"PA14","BC",1,1,6,"BC",3420000
"PA14","AB+BC+SA",1,2,1,"PA14",113200
"PA14","AB+BC+SA",1,2,1,"PA14",112800
"PA14","AB+BC+SA",1,2,1,"PA14",107000
"PA14","AB+BC+SA",1,2,2,"PA14",87000
"PA14","AB+BC+SA",1,2,2,"PA14",89800
"PA14","AB+BC+SA",1,2,2,"PA14",90800
"PA14","AB+BC+SA",1,2,3,"PA14",68800
"PA14","AB+BC+SA",1,2,3,"PA14",71800
"PA14","AB+BC+SA",1,2,3,"PA14",74400
"PA14","AB+BC+SA",1,2,4,"PA14",99200
"PA14","AB+BC+SA",1,2,4,"PA14",95400
"PA14","AB+BC+SA",1,2,4,"PA14",99400
"PA14","AB+BC+SA",1,2,5,"PA14",71400
"PA14","AB+BC+SA",1,2,5,"PA14",73000
"PA14","AB+BC+SA",1,2,5,"PA14",71800
"PA14","AB+BC+SA",1,2,6,"PA14",76400
"PA14","AB+BC+SA",1,2,6,"PA14",76200
"PA14","AB+BC+SA",1,2,6,"PA14",74000
"PA14","AB+BC+SA",1,2,1,"SA",132000
"PA14","AB+BC+SA",1,2,1,"SA",131200
"PA14","AB+BC+SA",1,2,1,"SA",132000
"PA14","AB+BC+SA",1,2,2,"SA",107600
"PA14","AB+BC+SA",1,2,2,"SA",106600
"PA14","AB+BC+SA",1,2,2,"SA",107600
"PA14","AB+BC+SA",1,2,3,"SA",155000
"PA14","AB+BC+SA",1,2,3,"SA",159200
"PA14","AB+BC+SA",1,2,3,"SA",164400
"PA14","AB+BC+SA",1,2,4,"SA",206000
"PA14","AB+BC+SA",1,2,4,"SA",210000
"PA14","AB+BC+SA",1,2,4,"SA",212000
"PA14","AB+BC+SA",1,2,5,"SA",108600
"PA14","AB+BC+SA",1,2,5,"SA",110200
"PA14","AB+BC+SA",1,2,5,"SA",110800
"PA14","AB+BC+SA",1,2,6,"SA",46200
"PA14","AB+BC+SA",1,2,6,"SA",45800
"PA14","AB+BC+SA",1,2,6,"SA",44200
"PA14","AB+BC+SA",1,2,1,"AB",3900000
"PA14","AB+BC+SA",1,2,1,"AB",3800000
"PA14","AB+BC+SA",1,2,1,"AB",3740000
"PA14","AB+BC+SA",1,2,2,"AB",3880000
"PA14","AB+BC+SA",1,2,2,"AB",3740000
"PA14","AB+BC+SA",1,2,2,"AB",3780000
"PA14","AB+BC+SA",1,2,3,"AB",2700000
"PA14","AB+BC+SA",1,2,3,"AB",2920000
"PA14","AB+BC+SA",1,2,3,"AB",3140000
"PA14","AB+BC+SA",1,2,4,"AB",2720000
"PA14","AB+BC+SA",1,2,4,"AB",2780000
"PA14","AB+BC+SA",1,2,4,"AB",2780000
"PA14","AB+BC+SA",1,2,5,"AB",3040000
"PA14","AB+BC+SA",1,2,5,"AB",2960000
"PA14","AB+BC+SA",1,2,5,"AB",2880000
"PA14","AB+BC+SA",1,2,6,"AB",1986000
"PA14","AB+BC+SA",1,2,6,"AB",2100000
"PA14","AB+BC+SA",1,2,6,"AB",2e+06
"PA14","AB+BC+SA",1,2,1,"BC",27200000
"PA14","AB+BC+SA",1,2,1,"BC",2.7e+07
"PA14","AB+BC+SA",1,2,1,"BC",19840000
"PA14","AB+BC+SA",1,2,2,"BC",2.2e+07
"PA14","AB+BC+SA",1,2,2,"BC",21200000
"PA14","AB+BC+SA",1,2,2,"BC",17080000
"PA14","AB+BC+SA",1,2,3,"BC",17520000
"PA14","AB+BC+SA",1,2,3,"BC",17940000
"PA14","AB+BC+SA",1,2,3,"BC",17120000
"PA14","AB+BC+SA",1,2,4,"BC",25400000
"PA14","AB+BC+SA",1,2,4,"BC",24600000
"PA14","AB+BC+SA",1,2,4,"BC",24800000
"PA14","AB+BC+SA",1,2,5,"BC",22400000
"PA14","AB+BC+SA",1,2,5,"BC",25600000
"PA14","AB+BC+SA",1,2,5,"BC",2.3e+07
"PA14","AB+BC+SA",1,2,6,"BC",26400000
"PA14","AB+BC+SA",1,2,6,"BC",27600000
"PA14","AB+BC+SA",1,2,6,"BC",27400000
"PA14","SA",1,2,1,"PA14",23400000
"PA14","SA",1,2,1,"PA14",24400000
"PA14","SA",1,2,1,"PA14",16460000
"PA14","SA",1,2,2,"PA14",25600000
"PA14","SA",1,2,2,"PA14",23200000
"PA14","SA",1,2,2,"PA14",15580000
"PA14","SA",1,2,3,"PA14",22400000
"PA14","SA",1,2,3,"PA14",14120000
"PA14","SA",1,2,3,"PA14",NA
"PA14","SA",1,2,4,"PA14",22600000
"PA14","SA",1,2,4,"PA14",22600000
"PA14","SA",1,2,4,"PA14",19660000
"PA14","SA",1,2,5,"PA14",25800000
"PA14","SA",1,2,5,"PA14",24600000
"PA14","SA",1,2,5,"PA14",22400000
"PA14","SA",1,2,6,"PA14",22400000
"PA14","SA",1,2,6,"PA14",24200000
"PA14","SA",1,2,6,"PA14",16380000
"PA14","SA",1,2,1,"SA",1918000
"PA14","SA",1,2,1,"SA",1908000
"PA14","SA",1,2,1,"SA",1934000
"PA14","SA",1,2,2,"SA",898000
"PA14","SA",1,2,2,"SA",878000
"PA14","SA",1,2,2,"SA",876000
"PA14","SA",1,2,3,"SA",470000
"PA14","SA",1,2,3,"SA",488000
"PA14","SA",1,2,3,"SA",518000
"PA14","SA",1,2,4,"SA",604000
"PA14","SA",1,2,4,"SA",648000
"PA14","SA",1,2,4,"SA",614000
"PA14","SA",1,2,5,"SA",9e+05
"PA14","SA",1,2,5,"SA",892000
"PA14","SA",1,2,5,"SA",882000
"PA14","SA",1,2,6,"SA",368000
"PA14","SA",1,2,6,"SA",358000
"PA14","SA",1,2,6,"SA",358000
"PA14","AB",1,2,1,"PA14",250000
"PA14","AB",1,2,1,"PA14",242000
"PA14","AB",1,2,1,"PA14",149800
"PA14","AB",1,2,2,"PA14",690000
"PA14","AB",1,2,2,"PA14",634000
"PA14","AB",1,2,2,"PA14",478000
"PA14","AB",1,2,3,"PA14",294000
"PA14","AB",1,2,3,"PA14",3e+05
"PA14","AB",1,2,3,"PA14",302000
"PA14","AB",1,2,4,"PA14",242000
"PA14","AB",1,2,4,"PA14",234000
"PA14","AB",1,2,4,"PA14",108000
"PA14","AB",1,2,5,"PA14",318000
"PA14","AB",1,2,5,"PA14",322000
"PA14","AB",1,2,5,"PA14",189000
"PA14","AB",1,2,6,"PA14",366000
"PA14","AB",1,2,6,"PA14",358000
"PA14","AB",1,2,6,"PA14",352000
"PA14","AB",1,2,1,"AB",60200000
"PA14","AB",1,2,1,"AB",56200000
"PA14","AB",1,2,1,"AB",5.6e+07
"PA14","AB",1,2,2,"AB",30600000
"PA14","AB",1,2,2,"AB",2.9e+07
"PA14","AB",1,2,2,"AB",26600000
"PA14","AB",1,2,3,"AB",21800000
"PA14","AB",1,2,3,"AB",29200000
"PA14","AB",1,2,3,"AB",28800000
"PA14","AB",1,2,4,"AB",30800000
"PA14","AB",1,2,4,"AB",29800000
"PA14","AB",1,2,4,"AB",3.1e+07
"PA14","AB",1,2,5,"AB",22200000
"PA14","AB",1,2,5,"AB",21200000
"PA14","AB",1,2,5,"AB",28200000
"PA14","AB",1,2,6,"AB",35800000
"PA14","AB",1,2,6,"AB",34800000
"PA14","AB",1,2,6,"AB",31400000
"PA14","BC",1,2,1,"PA14",34600
"PA14","BC",1,2,1,"PA14",34800
"PA14","BC",1,2,1,"PA14",34800
"PA14","BC",1,2,2,"PA14",94000
"PA14","BC",1,2,2,"PA14",95400
"PA14","BC",1,2,2,"PA14",92200
"PA14","BC",1,2,3,"PA14",34200
"PA14","BC",1,2,3,"PA14",36400
"PA14","BC",1,2,3,"PA14",37600
"PA14","BC",1,2,4,"PA14",60400
"PA14","BC",1,2,4,"PA14",61000
"PA14","BC",1,2,4,"PA14",53600
"PA14","BC",1,2,5,"PA14",31200
"PA14","BC",1,2,5,"PA14",32200
"PA14","BC",1,2,5,"PA14",31200
"PA14","BC",1,2,6,"PA14",35200
"PA14","BC",1,2,6,"PA14",34400
"PA14","BC",1,2,6,"PA14",33200
"PA14","BC",1,2,1,"BC",6.8e+07
"PA14","BC",1,2,1,"BC",67200000
"PA14","BC",1,2,1,"BC",67800000
"PA14","BC",1,2,2,"BC",5.8e+07
"PA14","BC",1,2,2,"BC",57600000
"PA14","BC",1,2,2,"BC",5.7e+07
"PA14","BC",1,2,3,"BC",51400000
"PA14","BC",1,2,3,"BC",5.4e+07
"PA14","BC",1,2,3,"BC",57400000
"PA14","BC",1,2,4,"BC",70200000
"PA14","BC",1,2,4,"BC",69800000
"PA14","BC",1,2,4,"BC",69200000
"PA14","BC",1,2,5,"BC",5.8e+07
"PA14","BC",1,2,5,"BC",6e+07
"PA14","BC",1,2,5,"BC",57200000
"PA14","BC",1,2,6,"BC",5e+07
"PA14","BC",1,2,6,"BC",47400000
"PA14","BC",1,2,6,"BC",4.7e+07
"PA14","AB+BC+SA",1,3,1,"PA14",184000
"PA14","AB+BC+SA",1,3,1,"PA14",171800
"PA14","AB+BC+SA",1,3,1,"PA14",2e+05
"PA14","AB+BC+SA",1,3,2,"PA14",155400
"PA14","AB+BC+SA",1,3,2,"PA14",142800
"PA14","AB+BC+SA",1,3,2,"PA14",157400
"PA14","AB+BC+SA",1,3,3,"PA14",112800
"PA14","AB+BC+SA",1,3,3,"PA14",117000
"PA14","AB+BC+SA",1,3,3,"PA14",116000
"PA14","AB+BC+SA",1,3,4,"PA14",139000
"PA14","AB+BC+SA",1,3,4,"PA14",130200
"PA14","AB+BC+SA",1,3,4,"PA14",124600
"PA14","AB+BC+SA",1,3,5,"PA14",118200
"PA14","AB+BC+SA",1,3,5,"PA14",125200
"PA14","AB+BC+SA",1,3,5,"PA14",130600
"PA14","AB+BC+SA",1,3,6,"PA14",250000
"PA14","AB+BC+SA",1,3,6,"PA14",236000
"PA14","AB+BC+SA",1,3,6,"PA14",256000
"PA14","AB+BC+SA",1,3,1,"SA",366000
"PA14","AB+BC+SA",1,3,1,"SA",132800
"PA14","AB+BC+SA",1,3,1,"SA",NA
"PA14","AB+BC+SA",1,3,2,"SA",418000
"PA14","AB+BC+SA",1,3,2,"SA",444000
"PA14","AB+BC+SA",1,3,2,"SA",458000
"PA14","AB+BC+SA",1,3,3,"SA",1218000
"PA14","AB+BC+SA",1,3,3,"SA",1258000
"PA14","AB+BC+SA",1,3,3,"SA",1154000
"PA14","AB+BC+SA",1,3,4,"SA",1082000
"PA14","AB+BC+SA",1,3,4,"SA",1108000
"PA14","AB+BC+SA",1,3,4,"SA",946000
"PA14","AB+BC+SA",1,3,5,"SA",344000
"PA14","AB+BC+SA",1,3,5,"SA",344000
"PA14","AB+BC+SA",1,3,5,"SA",366000
"PA14","AB+BC+SA",1,3,6,"SA",484000
"PA14","AB+BC+SA",1,3,6,"SA",472000
"PA14","AB+BC+SA",1,3,6,"SA",546000
"PA14","AB+BC+SA",1,3,1,"AB",5440000
"PA14","AB+BC+SA",1,3,1,"AB",6480000
"PA14","AB+BC+SA",1,3,1,"AB",6620000
"PA14","AB+BC+SA",1,3,2,"AB",9980000
"PA14","AB+BC+SA",1,3,2,"AB",9540000
"PA14","AB+BC+SA",1,3,2,"AB",10120000
"PA14","AB+BC+SA",1,3,3,"AB",10600000
"PA14","AB+BC+SA",1,3,3,"AB",9280000
"PA14","AB+BC+SA",1,3,3,"AB",7800000
"PA14","AB+BC+SA",1,3,4,"AB",8740000
"PA14","AB+BC+SA",1,3,4,"AB",9980000
"PA14","AB+BC+SA",1,3,4,"AB",9320000
"PA14","AB+BC+SA",1,3,5,"AB",6140000
"PA14","AB+BC+SA",1,3,5,"AB",6040000
"PA14","AB+BC+SA",1,3,5,"AB",6220000
"PA14","AB+BC+SA",1,3,6,"AB",8940000
"PA14","AB+BC+SA",1,3,6,"AB",10440000
"PA14","AB+BC+SA",1,3,6,"AB",9880000
"PA14","AB+BC+SA",1,3,1,"BC",16660000
"PA14","AB+BC+SA",1,3,1,"BC",16080000
"PA14","AB+BC+SA",1,3,1,"BC",1.7e+07
"PA14","AB+BC+SA",1,3,2,"BC",17820000
"PA14","AB+BC+SA",1,3,2,"BC",18920000
"PA14","AB+BC+SA",1,3,2,"BC",18720000
"PA14","AB+BC+SA",1,3,3,"BC",16420000
"PA14","AB+BC+SA",1,3,3,"BC",16800000
"PA14","AB+BC+SA",1,3,3,"BC",13640000
"PA14","AB+BC+SA",1,3,4,"BC",15060000
"PA14","AB+BC+SA",1,3,4,"BC",15100000
"PA14","AB+BC+SA",1,3,4,"BC",10620000
"PA14","AB+BC+SA",1,3,5,"BC",15220000
"PA14","AB+BC+SA",1,3,5,"BC",15340000
"PA14","AB+BC+SA",1,3,5,"BC",12240000
"PA14","AB+BC+SA",1,3,6,"BC",20600000
"PA14","AB+BC+SA",1,3,6,"BC",18680000
"PA14","AB+BC+SA",1,3,6,"BC",21800000
"PA14","SA",1,3,1,"PA14",31800000
"PA14","SA",1,3,1,"PA14",31600000
"PA14","SA",1,3,1,"PA14",24800000
"PA14","SA",1,3,2,"PA14",35600000
"PA14","SA",1,3,2,"PA14",3.5e+07
"PA14","SA",1,3,2,"PA14",27400000
"PA14","SA",1,3,3,"PA14",32600000
"PA14","SA",1,3,3,"PA14",33600000
"PA14","SA",1,3,3,"PA14",33400000
"PA14","SA",1,3,4,"PA14",29200000
"PA14","SA",1,3,4,"PA14",29800000
"PA14","SA",1,3,4,"PA14",26800000
"PA14","SA",1,3,5,"PA14",31600000
"PA14","SA",1,3,5,"PA14",33800000
"PA14","SA",1,3,5,"PA14",31600000
"PA14","SA",1,3,6,"PA14",31800000
"PA14","SA",1,3,6,"PA14",31600000
"PA14","SA",1,3,6,"PA14",32600000
"PA14","SA",1,3,1,"SA",73200
"PA14","SA",1,3,1,"SA",71600
"PA14","SA",1,3,1,"SA",75400
"PA14","SA",1,3,2,"SA",165000
"PA14","SA",1,3,2,"SA",171400
"PA14","SA",1,3,2,"SA",174800
"PA14","SA",1,3,3,"SA",320000
"PA14","SA",1,3,3,"SA",320000
"PA14","SA",1,3,3,"SA",314000
"PA14","SA",1,3,4,"SA",214000
"PA14","SA",1,3,4,"SA",204000
"PA14","SA",1,3,4,"SA",192600
"PA14","SA",1,3,5,"SA",138200
"PA14","SA",1,3,5,"SA",141000
"PA14","SA",1,3,5,"SA",141600
"PA14","SA",1,3,6,"SA",218000
"PA14","SA",1,3,6,"SA",210000
"PA14","SA",1,3,6,"SA",216000
"PA14","AB",1,3,1,"PA14",434000
"PA14","AB",1,3,1,"PA14",426000
"PA14","AB",1,3,1,"PA14",290000
"PA14","AB",1,3,2,"PA14",5180000
"PA14","AB",1,3,2,"PA14",5540000
"PA14","AB",1,3,2,"PA14",4560000
"PA14","AB",1,3,3,"PA14",1604000
"PA14","AB",1,3,3,"PA14",1610000
"PA14","AB",1,3,3,"PA14",1274000
"PA14","AB",1,3,4,"PA14",908000
"PA14","AB",1,3,4,"PA14",884000
"PA14","AB",1,3,4,"PA14",476000
"PA14","AB",1,3,5,"PA14",1138000
"PA14","AB",1,3,5,"PA14",1120000
"PA14","AB",1,3,5,"PA14",896000
"PA14","AB",1,3,6,"PA14",2400000
"PA14","AB",1,3,6,"PA14",2560000
"PA14","AB",1,3,6,"PA14",1906000
"PA14","AB",1,3,1,"AB",31200000
"PA14","AB",1,3,1,"AB",32200000
"PA14","AB",1,3,1,"AB",26800000
"PA14","AB",1,3,2,"AB",29800000
"PA14","AB",1,3,2,"AB",32400000
"PA14","AB",1,3,2,"AB",3.2e+07
"PA14","AB",1,3,3,"AB",33800000
"PA14","AB",1,3,3,"AB",35400000
"PA14","AB",1,3,3,"AB",35800000
"PA14","AB",1,3,4,"AB",32200000
"PA14","AB",1,3,4,"AB",26400000
"PA14","AB",1,3,4,"AB",3e+07
"PA14","AB",1,3,5,"AB",23600000
"PA14","AB",1,3,5,"AB",30600000
"PA14","AB",1,3,5,"AB",29800000
"PA14","AB",1,3,6,"AB",33400000
"PA14","AB",1,3,6,"AB",3.3e+07
"PA14","AB",1,3,6,"AB",3.4e+07
"PA14","BC",1,3,1,"PA14",3320000
"PA14","BC",1,3,1,"PA14",3260000
"PA14","BC",1,3,1,"PA14",3400000
"PA14","BC",1,3,2,"PA14",7160000
"PA14","BC",1,3,2,"PA14",7380000
"PA14","BC",1,3,2,"PA14",8020000
"PA14","BC",1,3,3,"PA14",1954000
"PA14","BC",1,3,3,"PA14",1980000
"PA14","BC",1,3,3,"PA14",1870000
"PA14","BC",1,3,4,"PA14",1026000
"PA14","BC",1,3,4,"PA14",996000
"PA14","BC",1,3,4,"PA14",908000
"PA14","BC",1,3,5,"PA14",3020000
"PA14","BC",1,3,5,"PA14",3140000
"PA14","BC",1,3,5,"PA14",3160000
"PA14","BC",1,3,6,"PA14",7400000
"PA14","BC",1,3,6,"PA14",7140000
"PA14","BC",1,3,6,"PA14",7280000
"PA14","BC",1,3,1,"BC",4.7e+07
"PA14","BC",1,3,1,"BC",4.7e+07
"PA14","BC",1,3,1,"BC",49600000
"PA14","BC",1,3,2,"BC",47200000
"PA14","BC",1,3,2,"BC",50200000
"PA14","BC",1,3,2,"BC",50600000
"PA14","BC",1,3,3,"BC",54600000
"PA14","BC",1,3,3,"BC",55600000
"PA14","BC",1,3,3,"BC",5.5e+07
"PA14","BC",1,3,4,"BC",70800000
"PA14","BC",1,3,4,"BC",59400000
"PA14","BC",1,3,4,"BC",5.3e+07
"PA14","BC",1,3,5,"BC",49800000
"PA14","BC",1,3,5,"BC",53400000
"PA14","BC",1,3,5,"BC",55200000
"PA14","BC",1,3,6,"BC",4.7e+07
"PA14","BC",1,3,6,"BC",4.5e+07
"PA14","BC",1,3,6,"BC",48400000
"PA14","None",1,0,1,"DMS3vir",10000
"PA14","None",1,1,1,"DMS3vir",2.2e+09
"PA14","None",1,2,1,"DMS3vir",4e+10
"PA14","None",1,3,1,"DMS3vir",1e+09
"PA14","None",1,0,2,"DMS3vir",10000
"PA14","None",1,1,2,"DMS3vir",1.4e+10
"PA14","None",1,2,2,"DMS3vir",2.6e+10
"PA14","None",1,3,2,"DMS3vir",4e+08
"PA14","None",1,0,3,"DMS3vir",10000
"PA14","None",1,1,3,"DMS3vir",4.8e+09
"PA14","None",1,2,3,"DMS3vir",1.4e+10
"PA14","None",1,3,3,"DMS3vir",6.2e+08
"PA14","None",1,0,4,"DMS3vir",10000
"PA14","None",1,1,4,"DMS3vir",4e+09
"PA14","None",1,2,4,"DMS3vir",3.6e+10
"PA14","None",1,3,4,"DMS3vir",4e+08
"PA14","None",1,0,5,"DMS3vir",10000
"PA14","None",1,1,5,"DMS3vir",6.4e+09
"PA14","None",1,2,5,"DMS3vir",3.4e+10
"PA14","None",1,3,5,"DMS3vir",5e+08
"PA14","None",1,0,6,"DMS3vir",10000
"PA14","None",1,1,6,"DMS3vir",2e+10
"PA14","None",1,2,6,"DMS3vir",2.2e+10
"PA14","None",1,3,6,"DMS3vir",1e+08
"PA14","SA",1,0,1,"DMS3vir",10000
"PA14","SA",1,1,1,"DMS3vir",2.2e+09
"PA14","SA",1,2,1,"DMS3vir",3.6e+10
"PA14","SA",1,3,1,"DMS3vir",4.6e+07
"PA14","SA",1,0,2,"DMS3vir",10000
"PA14","SA",1,1,2,"DMS3vir",2.8e+09
"PA14","SA",1,2,2,"DMS3vir",3.6e+10
"PA14","SA",1,3,2,"DMS3vir",6.4e+07
"PA14","SA",1,0,3,"DMS3vir",10000
"PA14","SA",1,1,3,"DMS3vir",1.6e+09
"PA14","SA",1,2,3,"DMS3vir",1.2e+10
"PA14","SA",1,3,3,"DMS3vir",5.6e+07
"PA14","SA",1,0,4,"DMS3vir",10000
"PA14","SA",1,1,4,"DMS3vir",2.8e+09
"PA14","SA",1,2,4,"DMS3vir",1e+10
"PA14","SA",1,3,4,"DMS3vir",6.6e+07
"PA14","SA",1,0,5,"DMS3vir",10000
"PA14","SA",1,1,5,"DMS3vir",2.6e+09
"PA14","SA",1,2,5,"DMS3vir",2e+10
"PA14","SA",1,3,5,"DMS3vir",5.6e+07
"PA14","SA",1,0,6,"DMS3vir",10000
"PA14","SA",1,1,6,"DMS3vir",1.8e+09
"PA14","SA",1,2,6,"DMS3vir",1.4e+10
"PA14","SA",1,3,6,"DMS3vir",6.2e+07
"PA14","AB",1,0,1,"DMS3vir",10000
"PA14","AB",1,1,1,"DMS3vir",5e+09
"PA14","AB",1,2,1,"DMS3vir",6.8e+09
"PA14","AB",1,3,1,"DMS3vir",2.6e+08
"PA14","AB",1,0,2,"DMS3vir",10000
"PA14","AB",1,1,2,"DMS3vir",6.8e+09
"PA14","AB",1,2,2,"DMS3vir",3e+09
"PA14","AB",1,3,2,"DMS3vir",1.6e+08
"PA14","AB",1,0,3,"DMS3vir",10000
"PA14","AB",1,1,3,"DMS3vir",4.6e+09
"PA14","AB",1,2,3,"DMS3vir",2e+09
"PA14","AB",1,3,3,"DMS3vir",3.2e+08
"PA14","AB",1,0,4,"DMS3vir",10000
"PA14","AB",1,1,4,"DMS3vir",4.8e+09
"PA14","AB",1,2,4,"DMS3vir",3.2e+09
"PA14","AB",1,3,4,"DMS3vir",1.2e+08
"PA14","AB",1,0,5,"DMS3vir",10000
"PA14","AB",1,1,5,"DMS3vir",4.2e+09
"PA14","AB",1,2,5,"DMS3vir",3.6e+09
"PA14","AB",1,3,5,"DMS3vir",3.6e+08
"PA14","AB",1,0,6,"DMS3vir",10000
"PA14","AB",1,1,6,"DMS3vir",8.2e+09
"PA14","AB",1,2,6,"DMS3vir",3.2e+09
"PA14","AB",1,3,6,"DMS3vir",3.2e+08
"PA14","BC",1,0,1,"DMS3vir",10000
"PA14","BC",1,1,1,"DMS3vir",2.8e+10
"PA14","BC",1,2,1,"DMS3vir",4.2e+08
"PA14","BC",1,3,1,"DMS3vir",9e+07
"PA14","BC",1,0,2,"DMS3vir",10000
"PA14","BC",1,1,2,"DMS3vir",3.6e+10
"PA14","BC",1,2,2,"DMS3vir",1.06e+09
"PA14","BC",1,3,2,"DMS3vir",2.6e+08
"PA14","BC",1,0,3,"DMS3vir",10000
"PA14","BC",1,1,3,"DMS3vir",4.6e+10
"PA14","BC",1,2,3,"DMS3vir",9.8e+08
"PA14","BC",1,3,3,"DMS3vir",1.4e+08
"PA14","BC",1,0,4,"DMS3vir",10000
"PA14","BC",1,1,4,"DMS3vir",1e+10
"PA14","BC",1,2,4,"DMS3vir",1.4e+09
"PA14","BC",1,3,4,"DMS3vir",1.4e+08
"PA14","BC",1,0,5,"DMS3vir",10000
"PA14","BC",1,1,5,"DMS3vir",1.4e+10
"PA14","BC",1,2,5,"DMS3vir",1e+09
"PA14","BC",1,3,5,"DMS3vir",1.2e+08
"PA14","BC",1,0,6,"DMS3vir",10000
"PA14","BC",1,1,6,"DMS3vir",5.8e+09
"PA14","BC",1,2,6,"DMS3vir",2e+09
"PA14","BC",1,3,6,"DMS3vir",1.6e+08
"PA14","AB+BC+SA",1,0,1,"DMS3vir",10000
"PA14","AB+BC+SA",1,1,1,"DMS3vir",2.6e+09
"PA14","AB+BC+SA",1,2,1,"DMS3vir",8e+09
"PA14","AB+BC+SA",1,3,1,"DMS3vir",2e+08
"PA14","AB+BC+SA",1,0,2,"DMS3vir",10000
"PA14","AB+BC+SA",1,1,2,"DMS3vir",2.4e+09
"PA14","AB+BC+SA",1,2,2,"DMS3vir",2.8e+09
"PA14","AB+BC+SA",1,3,2,"DMS3vir",1.2e+08
"PA14","AB+BC+SA",1,0,3,"DMS3vir",10000
"PA14","AB+BC+SA",1,1,3,"DMS3vir",3.2e+09
"PA14","AB+BC+SA",1,2,3,"DMS3vir",1.8e+09
"PA14","AB+BC+SA",1,3,3,"DMS3vir",2.4e+08
"PA14","AB+BC+SA",1,0,4,"DMS3vir",10000
"PA14","AB+BC+SA",1,1,4,"DMS3vir",2.8e+09
"PA14","AB+BC+SA",1,2,4,"DMS3vir",8.6e+09
"PA14","AB+BC+SA",1,3,4,"DMS3vir",5.8e+07
"PA14","AB+BC+SA",1,0,5,"DMS3vir",10000
"PA14","AB+BC+SA",1,1,5,"DMS3vir",3.2e+09
"PA14","AB+BC+SA",1,2,5,"DMS3vir",6.8e+09
"PA14","AB+BC+SA",1,3,5,"DMS3vir",8e+07
"PA14","AB+BC+SA",1,0,6,"DMS3vir",10000
"PA14","AB+BC+SA",1,1,6,"DMS3vir",2.8e+09
"PA14","AB+BC+SA",1,2,6,"DMS3vir",2.8e+09
"PA14","AB+BC+SA",1,3,6,"DMS3vir",1e+08
"PA14","surfacemutant",1,0,1,"DMS3vir",10000
"PA14","surfacemutant",1,1,1,"DMS3vir",1.2e+08
"PA14","surfacemutant",1,2,1,"DMS3vir",4.2e+09
"PA14","surfacemutant",1,3,1,"DMS3vir",1e+09
"PA14","surfacemutant",1,0,2,"DMS3vir",10000
"PA14","surfacemutant",1,1,2,"DMS3vir",1e+08
"PA14","surfacemutant",1,2,2,"DMS3vir",5.8e+09
"PA14","surfacemutant",1,3,2,"DMS3vir",5.2e+08
"PA14","surfacemutant",1,0,3,"DMS3vir",10000
"PA14","surfacemutant",1,1,3,"DMS3vir",4.4e+07
"PA14","surfacemutant",1,2,3,"DMS3vir",3.4e+09
"PA14","surfacemutant",1,3,3,"DMS3vir",5.6e+08
"PA14","surfacemutant",1,0,4,"DMS3vir",10000
"PA14","surfacemutant",1,1,4,"DMS3vir",6.8e+07
"PA14","surfacemutant",1,2,4,"DMS3vir",5e+09
"PA14","surfacemutant",1,3,4,"DMS3vir",4.2e+08
"PA14","surfacemutant",1,0,5,"DMS3vir",10000
"PA14","surfacemutant",1,1,5,"DMS3vir",5.6e+07
"PA14","surfacemutant",1,2,5,"DMS3vir",7.8e+09
"PA14","surfacemutant",1,3,5,"DMS3vir",5.8e+08
"PA14","surfacemutant",1,0,6,"DMS3vir",10000
"PA14","surfacemutant",1,1,6,"DMS3vir",1e+08
"PA14","surfacemutant",1,2,6,"DMS3vir",1.4e+10
"PA14","surfacemutant",1,3,6,"DMS3vir",1.8e+08
