"Focal_strain","Bact_community","Phage_presence","Time_day","Pop","Density","Rep_pop","Study"
"PAO1","Pa",1,4,"PT7",6e+07,"1","Mumford_Friman"
"PAO1","Pa",1,4,"PT7",5.1e+08,"2","Mumford_Friman"
"PAO1","Pa",1,4,"PT7",1.01e+09,"3","Mumford_Friman"
"PAO1","Pa",1,4,"PT7",3e+09,"4","Mumford_Friman"
"PAO1","Pa",1,4,"PT7",8.9e+08,"5","Mumford_Friman"
"lasR","Pa",1,4,"PT7",8e+07,"1","Mumford_Friman"
"lasR","Pa",1,4,"PT7",1.9e+08,"2","Mumford_Friman"
"lasR","Pa",1,4,"PT7",3e+09,"3","Mumford_Friman"
"lasR","Pa",1,4,"PT7",1.13e+09,"4","Mumford_Friman"
"lasR","Pa",1,4,"PT7",1.29e+09,"5","Mumford_Friman"
"PAO1","Pa+Sa",1,4,"PT7",0,"1","Mumford_Friman"
"PAO1","Pa+Sa",1,4,"PT7",7e+08,"2","Mumford_Friman"
"PAO1","Pa+Sa",1,4,"PT7",3.6e+08,"3","Mumford_Friman"
"PAO1","Pa+Sa",1,4,"PT7",1.44e+09,"4","Mumford_Friman"
"PAO1","Pa+Sa",1,4,"PT7",1.71e+09,"5","Mumford_Friman"
"PAO1","Pa+Sm",1,4,"PT7",2e+07,"1","Mumford_Friman"
"PAO1","Pa+Sm",1,4,"PT7",9.5e+08,"2","Mumford_Friman"
"PAO1","Pa+Sm",1,4,"PT7",3e+08,"3","Mumford_Friman"
"PAO1","Pa+Sm",1,4,"PT7",2.8e+08,"4","Mumford_Friman"
"PAO1","Pa+Sm",1,4,"PT7",6.1e+08,"5","Mumford_Friman"
"lasR","Pa+Sa",1,4,"PT7",1.3e+08,"1","Mumford_Friman"
"lasR","Pa+Sa",1,4,"PT7",7.7e+08,"2","Mumford_Friman"
"lasR","Pa+Sa",1,4,"PT7",1.8e+09,"3","Mumford_Friman"
"lasR","Pa+Sa",1,4,"PT7",1.2e+08,"4","Mumford_Friman"
"lasR","Pa+Sa",1,4,"PT7",2.4e+08,"5","Mumford_Friman"
"lasR","Pa+Sm",1,4,"PT7",3e+07,"1","Mumford_Friman"
"lasR","Pa+Sm",1,4,"PT7",7.5e+08,"2","Mumford_Friman"
"lasR","Pa+Sm",1,4,"PT7",3e+09,"3","Mumford_Friman"
"lasR","Pa+Sm",1,4,"PT7",7e+08,"4","Mumford_Friman"
"lasR","Pa+Sm",1,4,"PT7",1.2e+08,"5","Mumford_Friman"
"PAO1","Pa+Sa+Sm",1,4,"PT7",2e+07,"1","Mumford_Friman"
"PAO1","Pa+Sa+Sm",1,4,"PT7",2.6e+08,"2","Mumford_Friman"
"PAO1","Pa+Sa+Sm",1,4,"PT7",5.3e+08,"3","Mumford_Friman"
"PAO1","Pa+Sa+Sm",1,4,"PT7",4.8e+08,"4","Mumford_Friman"
"PAO1","Pa+Sa+Sm",1,4,"PT7",3e+09,"5","Mumford_Friman"
"lasR","Pa+Sa+Sm",1,4,"PT7",9e+07,"1","Mumford_Friman"
"lasR","Pa+Sa+Sm",1,4,"PT7",1.18e+09,"2","Mumford_Friman"
"lasR","Pa+Sa+Sm",1,4,"PT7",2e+07,"3","Mumford_Friman"
"lasR","Pa+Sa+Sm",1,4,"PT7",1.62e+09,"4","Mumford_Friman"
"lasR","Pa+Sa+Sm",1,4,"PT7",1e+07,"5","Mumford_Friman"
"PAO1","Pa",1,8,"PT7",3e+08,"1","Mumford_Friman"
"PAO1","Pa",1,8,"PT7",3e+08,"2","Mumford_Friman"
"PAO1","Pa",1,8,"PT7",3e+08,"3","Mumford_Friman"
"PAO1","Pa",1,8,"PT7",3e+08,"4","Mumford_Friman"
"PAO1","Pa",1,8,"PT7",6.6e+07,"5","Mumford_Friman"
"lasR","Pa",1,8,"PT7",1.1e+08,"1","Mumford_Friman"
"lasR","Pa",1,8,"PT7",6.9e+07,"2","Mumford_Friman"
"lasR","Pa",1,8,"PT7",2e+08,"3","Mumford_Friman"
"lasR","Pa",1,8,"PT7",1.35e+08,"4","Mumford_Friman"
"lasR","Pa",1,8,"PT7",7.2e+07,"5","Mumford_Friman"
"PAO1","Pa+Sa",1,8,"PT7",7e+06,"1","Mumford_Friman"
"PAO1","Pa+Sa",1,8,"PT7",2.4e+07,"2","Mumford_Friman"
"PAO1","Pa+Sa",1,8,"PT7",2.2e+07,"3","Mumford_Friman"
"PAO1","Pa+Sa",1,8,"PT7",1.19e+08,"4","Mumford_Friman"
"PAO1","Pa+Sa",1,8,"PT7",6.9e+07,"5","Mumford_Friman"
"PAO1","Pa+Sm",1,8,"PT7",9e+06,"1","Mumford_Friman"
"PAO1","Pa+Sm",1,8,"PT7",9e+07,"2","Mumford_Friman"
"PAO1","Pa+Sm",1,8,"PT7",3e+06,"3","Mumford_Friman"
"PAO1","Pa+Sm",1,8,"PT7",7e+06,"4","Mumford_Friman"
"PAO1","Pa+Sm",1,8,"PT7",3e+08,"5","Mumford_Friman"
"lasR","Pa+Sa",1,8,"PT7",3e+08,"1","Mumford_Friman"
"lasR","Pa+Sa",1,8,"PT7",1.18e+08,"2","Mumford_Friman"
"lasR","Pa+Sa",1,8,"PT7",3e+08,"3","Mumford_Friman"
"lasR","Pa+Sa",1,8,"PT7",1.3e+07,"4","Mumford_Friman"
"lasR","Pa+Sa",1,8,"PT7",1.26e+08,"5","Mumford_Friman"
"lasR","Pa+Sm",1,8,"PT7",1.59e+08,"1","Mumford_Friman"
"lasR","Pa+Sm",1,8,"PT7",8.2e+07,"2","Mumford_Friman"
"lasR","Pa+Sm",1,8,"PT7",9.3e+07,"3","Mumford_Friman"
"lasR","Pa+Sm",1,8,"PT7",1.02e+08,"4","Mumford_Friman"
"lasR","Pa+Sm",1,8,"PT7",3e+08,"5","Mumford_Friman"
"PAO1","Pa+Sa+Sm",1,8,"PT7",9.1e+07,"1","Mumford_Friman"
"PAO1","Pa+Sa+Sm",1,8,"PT7",9e+06,"2","Mumford_Friman"
"PAO1","Pa+Sa+Sm",1,8,"PT7",1.73e+08,"3","Mumford_Friman"
"PAO1","Pa+Sa+Sm",1,8,"PT7",1.2e+07,"4","Mumford_Friman"
"PAO1","Pa+Sa+Sm",1,8,"PT7",3e+08,"5","Mumford_Friman"
"lasR","Pa+Sa+Sm",1,8,"PT7",8.1e+07,"1","Mumford_Friman"
"lasR","Pa+Sa+Sm",1,8,"PT7",2.2e+07,"2","Mumford_Friman"
"lasR","Pa+Sa+Sm",1,8,"PT7",1.96e+08,"3","Mumford_Friman"
"lasR","Pa+Sa+Sm",1,8,"PT7",1.8e+07,"4","Mumford_Friman"
"lasR","Pa+Sa+Sm",1,8,"PT7",2e+08,"5","Mumford_Friman"
"PAO1","Pa",1,12,"PT7",1.33e+08,"1","Mumford_Friman"
"PAO1","Pa",1,12,"PT7",3e+08,"2","Mumford_Friman"
"PAO1","Pa",1,12,"PT7",2.5e+07,"3","Mumford_Friman"
"PAO1","Pa",1,12,"PT7",8.6e+07,"4","Mumford_Friman"
"PAO1","Pa",1,12,"PT7",3e+08,"5","Mumford_Friman"
"lasR","Pa",1,12,"PT7",4.5e+07,"1","Mumford_Friman"
"lasR","Pa",1,12,"PT7",3.3e+07,"2","Mumford_Friman"
"lasR","Pa",1,12,"PT7",1e+07,"3","Mumford_Friman"
"lasR","Pa",1,12,"PT7",8e+07,"4","Mumford_Friman"
"lasR","Pa",1,12,"PT7",1.03e+08,"5","Mumford_Friman"
"PAO1","Pa+Sa",1,12,"PT7",76000,"1","Mumford_Friman"
"PAO1","Pa+Sa",1,12,"PT7",3e+05,"2","Mumford_Friman"
"PAO1","Pa+Sa",1,12,"PT7",250000,"3","Mumford_Friman"
"PAO1","Pa+Sa",1,12,"PT7",5e+07,"4","Mumford_Friman"
"PAO1","Pa+Sa",1,12,"PT7",3e+08,"5","Mumford_Friman"
"PAO1","Pa+Sm",1,12,"PT7",1e+06,"1","Mumford_Friman"
"PAO1","Pa+Sm",1,12,"PT7",3e+06,"2","Mumford_Friman"
"PAO1","Pa+Sm",1,12,"PT7",1e+07,"3","Mumford_Friman"
"PAO1","Pa+Sm",1,12,"PT7",5e+06,"4","Mumford_Friman"
"PAO1","Pa+Sm",1,12,"PT7",1e+06,"5","Mumford_Friman"
"lasR","Pa+Sa",1,12,"PT7",3.7e+07,"1","Mumford_Friman"
"lasR","Pa+Sa",1,12,"PT7",2e+06,"2","Mumford_Friman"
"lasR","Pa+Sa",1,12,"PT7",3e+08,"3","Mumford_Friman"
"lasR","Pa+Sa",1,12,"PT7",3e+06,"4","Mumford_Friman"
"lasR","Pa+Sa",1,12,"PT7",5e+06,"5","Mumford_Friman"
"lasR","Pa+Sm",1,12,"PT7",7.2e+07,"1","Mumford_Friman"
"lasR","Pa+Sm",1,12,"PT7",4e+06,"2","Mumford_Friman"
"lasR","Pa+Sm",1,12,"PT7",8.4e+07,"3","Mumford_Friman"
"lasR","Pa+Sm",1,12,"PT7",1.69e+08,"4","Mumford_Friman"
"lasR","Pa+Sm",1,12,"PT7",3e+08,"5","Mumford_Friman"
"PAO1","Pa+Sa+Sm",1,12,"PT7",3e+05,"1","Mumford_Friman"
"PAO1","Pa+Sa+Sm",1,12,"PT7",3e+05,"2","Mumford_Friman"
"PAO1","Pa+Sa+Sm",1,12,"PT7",5.1e+07,"3","Mumford_Friman"
"PAO1","Pa+Sa+Sm",1,12,"PT7",1.17e+08,"4","Mumford_Friman"
"PAO1","Pa+Sa+Sm",1,12,"PT7",3e+08,"5","Mumford_Friman"
"lasR","Pa+Sa+Sm",1,12,"PT7",1.7e+07,"1","Mumford_Friman"
"lasR","Pa+Sa+Sm",1,12,"PT7",7.5e+07,"2","Mumford_Friman"
"lasR","Pa+Sa+Sm",1,12,"PT7",1.41e+08,"3","Mumford_Friman"
"lasR","Pa+Sa+Sm",1,12,"PT7",3e+08,"4","Mumford_Friman"
"lasR","Pa+Sa+Sm",1,12,"PT7",3e+08,"5","Mumford_Friman"
"PAO1","Pa",1,16,"PT7",5.6e+07,"1","Mumford_Friman"
"PAO1","Pa",1,16,"P_aeruginosa",24500000,"1","Mumford_Friman"
"PAO1","Pa",1,16,"PT7",9.1e+07,"2","Mumford_Friman"
"PAO1","Pa",1,16,"P_aeruginosa",1.7e+07,"2","Mumford_Friman"
"PAO1","Pa",1,16,"PT7",5.9e+07,"3","Mumford_Friman"
"PAO1","Pa",1,16,"P_aeruginosa",3.6e+07,"3","Mumford_Friman"
"PAO1","Pa",1,16,"PT7",1.53e+08,"4","Mumford_Friman"
"PAO1","Pa",1,16,"P_aeruginosa",6100000,"4","Mumford_Friman"
"PAO1","Pa",1,16,"PT7",1.54e+08,"5","Mumford_Friman"
"PAO1","Pa",1,16,"P_aeruginosa",17300000,"5","Mumford_Friman"
"lasR","Pa",1,16,"PT7",6.6e+07,"1","Mumford_Friman"
"lasR","Pa",1,16,"P_aeruginosa",15700000,"1","Mumford_Friman"
"lasR","Pa",1,16,"PT7",8e+06,"2","Mumford_Friman"
"lasR","Pa",1,16,"P_aeruginosa",16100000,"2","Mumford_Friman"
"lasR","Pa",1,16,"PT7",1.27e+08,"3","Mumford_Friman"
"lasR","Pa",1,16,"P_aeruginosa",5700000,"3","Mumford_Friman"
"lasR","Pa",1,16,"PT7",1.48e+08,"4","Mumford_Friman"
"lasR","Pa",1,16,"P_aeruginosa",82400000,"4","Mumford_Friman"
"lasR","Pa",1,16,"PT7",6.9e+07,"5","Mumford_Friman"
"lasR","Pa",1,16,"P_aeruginosa",41400000,"5","Mumford_Friman"
"PAO1","Pa+Sa",1,16,"PT7",3e+08,"1","Mumford_Friman"
"PAO1","Pa+Sa",1,16,"P_aeruginosa",560000,"1","Mumford_Friman"
"PAO1","Pa+Sa",1,16,"PT7",112000,"2","Mumford_Friman"
"PAO1","Pa+Sa",1,16,"P_aeruginosa",0,"2","Mumford_Friman"
"PAO1","Pa+Sa",1,16,"PT7",129000,"3","Mumford_Friman"
"PAO1","Pa+Sa",1,16,"P_aeruginosa",0,"3","Mumford_Friman"
"PAO1","Pa+Sa",1,16,"PT7",3e+08,"4","Mumford_Friman"
"PAO1","Pa+Sa",1,16,"P_aeruginosa",340000,"4","Mumford_Friman"
"PAO1","Pa+Sa",1,16,"PT7",2.21e+08,"5","Mumford_Friman"
"PAO1","Pa+Sa",1,16,"P_aeruginosa",2010000,"5","Mumford_Friman"
"PAO1","Pa+Sm",1,16,"PT7",68000,"1","Mumford_Friman"
"PAO1","Pa+Sm",1,16,"P_aeruginosa",0,"1","Mumford_Friman"
"PAO1","Pa+Sm",1,16,"PT7",1.5e+07,"2","Mumford_Friman"
"PAO1","Pa+Sm",1,16,"P_aeruginosa",4e+05,"2","Mumford_Friman"
"PAO1","Pa+Sm",1,16,"PT7",3.7e+07,"3","Mumford_Friman"
"PAO1","Pa+Sm",1,16,"P_aeruginosa",0,"3","Mumford_Friman"
"PAO1","Pa+Sm",1,16,"PT7",176000,"4","Mumford_Friman"
"PAO1","Pa+Sm",1,16,"P_aeruginosa",0,"4","Mumford_Friman"
"PAO1","Pa+Sm",1,16,"PT7",3e+05,"5","Mumford_Friman"
"PAO1","Pa+Sm",1,16,"P_aeruginosa",2e+06,"5","Mumford_Friman"
"lasR","Pa+Sa",1,16,"PT7",3e+05,"1","Mumford_Friman"
"lasR","Pa+Sa",1,16,"P_aeruginosa",3600000,"1","Mumford_Friman"
"lasR","Pa+Sa",1,16,"PT7",3.6e+07,"2","Mumford_Friman"
"lasR","Pa+Sa",1,16,"P_aeruginosa",410000,"2","Mumford_Friman"
"lasR","Pa+Sa",1,16,"PT7",3e+08,"3","Mumford_Friman"
"lasR","Pa+Sa",1,16,"P_aeruginosa",2900000,"3","Mumford_Friman"
"lasR","Pa+Sa",1,16,"PT7",76000,"4","Mumford_Friman"
"lasR","Pa+Sa",1,16,"P_aeruginosa",186000,"4","Mumford_Friman"
"lasR","Pa+Sa",1,16,"PT7",1.4e+07,"5","Mumford_Friman"
"lasR","Pa+Sa",1,16,"P_aeruginosa",45000,"5","Mumford_Friman"
"lasR","Pa+Sm",1,16,"PT7",1.62e+08,"1","Mumford_Friman"
"lasR","Pa+Sm",1,16,"P_aeruginosa",10600000,"1","Mumford_Friman"
"lasR","Pa+Sm",1,16,"PT7",8.8e+07,"2","Mumford_Friman"
"lasR","Pa+Sm",1,16,"P_aeruginosa",1.2e+07,"2","Mumford_Friman"
"lasR","Pa+Sm",1,16,"PT7",6.4e+07,"3","Mumford_Friman"
"lasR","Pa+Sm",1,16,"P_aeruginosa",27600000,"3","Mumford_Friman"
"lasR","Pa+Sm",1,16,"PT7",2.21e+08,"4","Mumford_Friman"
"lasR","Pa+Sm",1,16,"P_aeruginosa",20600000,"4","Mumford_Friman"
"lasR","Pa+Sm",1,16,"PT7",2.01e+08,"5","Mumford_Friman"
"lasR","Pa+Sm",1,16,"P_aeruginosa",10300000,"5","Mumford_Friman"
"PAO1","Pa+Sa+Sm",1,16,"PT7",8e+06,"1","Mumford_Friman"
"PAO1","Pa+Sa+Sm",1,16,"P_aeruginosa",348000,"1","Mumford_Friman"
"PAO1","Pa+Sa+Sm",1,16,"PT7",137000,"2","Mumford_Friman"
"PAO1","Pa+Sa+Sm",1,16,"P_aeruginosa",0,"2","Mumford_Friman"
"PAO1","Pa+Sa+Sm",1,16,"PT7",1.3e+07,"3","Mumford_Friman"
"PAO1","Pa+Sa+Sm",1,16,"P_aeruginosa",1550000,"3","Mumford_Friman"
"PAO1","Pa+Sa+Sm",1,16,"PT7",9e+06,"4","Mumford_Friman"
"PAO1","Pa+Sa+Sm",1,16,"P_aeruginosa",5100000,"4","Mumford_Friman"
"PAO1","Pa+Sa+Sm",1,16,"PT7",6.4e+07,"5","Mumford_Friman"
"PAO1","Pa+Sa+Sm",1,16,"P_aeruginosa",6e+05,"5","Mumford_Friman"
"lasR","Pa+Sa+Sm",1,16,"PT7",4.2e+07,"1","Mumford_Friman"
"lasR","Pa+Sa+Sm",1,16,"P_aeruginosa",2300000,"1","Mumford_Friman"
"lasR","Pa+Sa+Sm",1,16,"PT7",2.16e+08,"2","Mumford_Friman"
"lasR","Pa+Sa+Sm",1,16,"P_aeruginosa",16500000,"2","Mumford_Friman"
"lasR","Pa+Sa+Sm",1,16,"PT7",1.82e+08,"3","Mumford_Friman"
"lasR","Pa+Sa+Sm",1,16,"P_aeruginosa",1.7e+07,"3","Mumford_Friman"
"lasR","Pa+Sa+Sm",1,16,"PT7",1.22e+08,"4","Mumford_Friman"
"lasR","Pa+Sa+Sm",1,16,"P_aeruginosa",14300000,"4","Mumford_Friman"
"lasR","Pa+Sa+Sm",1,16,"PT7",1.75e+08,"5","Mumford_Friman"
"lasR","Pa+Sa+Sm",1,16,"P_aeruginosa",720000,"5","Mumford_Friman"
"PAO1","Pa",0,16,"P_aeruginosa",1.02e+08,"1","Mumford_Friman"
"PAO1","Pa",0,16,"P_aeruginosa",1.03e+08,"2","Mumford_Friman"
"PAO1","Pa",0,16,"P_aeruginosa",1.27e+08,"3","Mumford_Friman"
"PAO1","Pa",0,16,"P_aeruginosa",1.01e+08,"4","Mumford_Friman"
"PAO1","Pa",0,16,"P_aeruginosa",1.7e+07,"5","Mumford_Friman"
"lasR","Pa",0,16,"P_aeruginosa",4.9e+07,"1","Mumford_Friman"
"lasR","Pa",0,16,"P_aeruginosa",16800000,"2","Mumford_Friman"
"lasR","Pa",0,16,"P_aeruginosa",1.09e+08,"3","Mumford_Friman"
"lasR","Pa",0,16,"P_aeruginosa",4.5e+07,"4","Mumford_Friman"
"lasR","Pa",0,16,"P_aeruginosa",16100000,"5","Mumford_Friman"
"PAO1","Pa+Sa",0,16,"P_aeruginosa",4600000,"1","Mumford_Friman"
"PAO1","Pa+Sa",0,16,"P_aeruginosa",3920000,"2","Mumford_Friman"
"PAO1","Pa+Sa",0,16,"P_aeruginosa",1080000,"3","Mumford_Friman"
"PAO1","Pa+Sa",0,16,"P_aeruginosa",1100000,"4","Mumford_Friman"
"PAO1","Pa+Sa",0,16,"P_aeruginosa",11900000,"5","Mumford_Friman"
"PAO1","Pa+Sm",0,16,"P_aeruginosa",680000,"1","Mumford_Friman"
"PAO1","Pa+Sm",0,16,"P_aeruginosa",83000,"2","Mumford_Friman"
"PAO1","Pa+Sm",0,16,"P_aeruginosa",1250000,"3","Mumford_Friman"
"PAO1","Pa+Sm",0,16,"P_aeruginosa",720000,"4","Mumford_Friman"
"PAO1","Pa+Sm",0,16,"P_aeruginosa",147000,"5","Mumford_Friman"
"lasR","Pa+Sa",0,16,"P_aeruginosa",10400000,"1","Mumford_Friman"
"lasR","Pa+Sa",0,16,"P_aeruginosa",1980000,"2","Mumford_Friman"
"lasR","Pa+Sa",0,16,"P_aeruginosa",13200000,"3","Mumford_Friman"
"lasR","Pa+Sa",0,16,"P_aeruginosa",1.8e+07,"4","Mumford_Friman"
"lasR","Pa+Sa",0,16,"P_aeruginosa",14200000,"5","Mumford_Friman"
"lasR","Pa+Sm",0,16,"P_aeruginosa",7900000,"1","Mumford_Friman"
"lasR","Pa+Sm",0,16,"P_aeruginosa",7700000,"2","Mumford_Friman"
"lasR","Pa+Sm",0,16,"P_aeruginosa",290000,"3","Mumford_Friman"
"lasR","Pa+Sm",0,16,"P_aeruginosa",8100000,"4","Mumford_Friman"
"lasR","Pa+Sm",0,16,"P_aeruginosa",610000,"5","Mumford_Friman"
"PAO1","Pa+Sa+Sm",0,16,"P_aeruginosa",1030000,"1","Mumford_Friman"
"PAO1","Pa+Sa+Sm",0,16,"P_aeruginosa",1020000,"2","Mumford_Friman"
"PAO1","Pa+Sa+Sm",0,16,"P_aeruginosa",2110000,"3","Mumford_Friman"
"PAO1","Pa+Sa+Sm",0,16,"P_aeruginosa",310000,"4","Mumford_Friman"
"PAO1","Pa+Sa+Sm",0,16,"P_aeruginosa",75000,"5","Mumford_Friman"
"lasR","Pa+Sa+Sm",0,16,"P_aeruginosa",8100000,"1","Mumford_Friman"
"lasR","Pa+Sa+Sm",0,16,"P_aeruginosa",2400000,"2","Mumford_Friman"
"lasR","Pa+Sa+Sm",0,16,"P_aeruginosa",8500000,"3","Mumford_Friman"
"lasR","Pa+Sa+Sm",0,16,"P_aeruginosa",3380000,"4","Mumford_Friman"
"lasR","Pa+Sa+Sm",0,16,"P_aeruginosa",14300000,"5","Mumford_Friman"
"PA14","PA",1,0,"PA14",3020000,"Inoc","Alseth_etal"
"PA14","PA",1,0,"PA14",3200000,"Inoc","Alseth_etal"
"PA14","PA",1,0,"PA14",3760000,"Inoc","Alseth_etal"
"PA14","PA+SA",1,0,"PA14",544000,"Inoc","Alseth_etal"
"PA14","PA+SA",1,0,"PA14",574000,"Inoc","Alseth_etal"
"PA14","PA+SA",1,0,"PA14",582000,"Inoc","Alseth_etal"
"PA14","PA+SA",1,0,"SA",8100000,"Inoc","Alseth_etal"
"PA14","PA+SA",1,0,"SA",6700000,"Inoc","Alseth_etal"
"PA14","PA+SA",1,0,"SA",7200000,"Inoc","Alseth_etal"
"PA14","PA+AB",1,0,"PA14",3280000,"Inoc","Alseth_etal"
"PA14","PA+AB",1,0,"PA14",3400000,"Inoc","Alseth_etal"
"PA14","PA+AB",1,0,"PA14",3640000,"Inoc","Alseth_etal"
"PA14","PA+AB",1,0,"AB",17200000,"Inoc","Alseth_etal"
"PA14","PA+AB",1,0,"AB",14480000,"Inoc","Alseth_etal"
"PA14","PA+AB",1,0,"AB",16880000,"Inoc","Alseth_etal"
"PA14","PA+BC",1,0,"PA14",730000,"Inoc","Alseth_etal"
"PA14","PA+BC",1,0,"PA14",774000,"Inoc","Alseth_etal"
"PA14","PA+BC",1,0,"PA14",756000,"Inoc","Alseth_etal"
"PA14","PA+BC",1,0,"BC",6880000,"Inoc","Alseth_etal"
"PA14","PA+BC",1,0,"BC",7200000,"Inoc","Alseth_etal"
"PA14","PA+BC",1,0,"BC",6920000,"Inoc","Alseth_etal"
"PA14","PA+AB+BC+SA",1,0,"PA14",820000,"Inoc","Alseth_etal"
"PA14","PA+AB+BC+SA",1,0,"PA14",722000,"Inoc","Alseth_etal"
"PA14","PA+AB+BC+SA",1,0,"PA14",790000,"Inoc","Alseth_etal"
"PA14","PA+AB+BC+SA",1,0,"SA",1532000,"Inoc","Alseth_etal"
"PA14","PA+AB+BC+SA",1,0,"SA",2800000,"Inoc","Alseth_etal"
"PA14","PA+AB+BC+SA",1,0,"SA",2980000,"Inoc","Alseth_etal"
"PA14","PA+AB+BC+SA",1,0,"AB",2540000,"Inoc","Alseth_etal"
"PA14","PA+AB+BC+SA",1,0,"AB",2640000,"Inoc","Alseth_etal"
"PA14","PA+AB+BC+SA",1,0,"AB",2680000,"Inoc","Alseth_etal"
"PA14","PA+AB+BC+SA",1,0,"BC",3140000,"Inoc","Alseth_etal"
"PA14","PA+AB+BC+SA",1,0,"BC",2860000,"Inoc","Alseth_etal"
"PA14","PA+AB+BC+SA",1,0,"BC",2760000,"Inoc","Alseth_etal"
"PA14","PA+AB+BC+SA",1,1,"PA14",12880000,"1","Alseth_etal"
"PA14","PA+AB+BC+SA",1,1,"PA14",13280000,"1","Alseth_etal"
"PA14","PA+AB+BC+SA",1,1,"PA14",13580000,"1","Alseth_etal"
"PA14","PA+AB+BC+SA",1,1,"PA14",15560000,"2","Alseth_etal"
"PA14","PA+AB+BC+SA",1,1,"PA14",15100000,"2","Alseth_etal"
"PA14","PA+AB+BC+SA",1,1,"PA14",15780000,"2","Alseth_etal"
"PA14","PA+AB+BC+SA",1,1,"PA14",12120000,"3","Alseth_etal"
"PA14","PA+AB+BC+SA",1,1,"PA14",12600000,"3","Alseth_etal"
"PA14","PA+AB+BC+SA",1,1,"PA14",12360000,"3","Alseth_etal"
"PA14","PA+AB+BC+SA",1,1,"PA14",10800000,"4","Alseth_etal"
"PA14","PA+AB+BC+SA",1,1,"PA14",10840000,"4","Alseth_etal"
"PA14","PA+AB+BC+SA",1,1,"PA14",10800000,"4","Alseth_etal"
"PA14","PA+AB+BC+SA",1,1,"PA14",11300000,"5","Alseth_etal"
"PA14","PA+AB+BC+SA",1,1,"PA14",11640000,"5","Alseth_etal"
"PA14","PA+AB+BC+SA",1,1,"PA14",12580000,"5","Alseth_etal"
"PA14","PA+AB+BC+SA",1,1,"PA14",14360000,"6","Alseth_etal"
"PA14","PA+AB+BC+SA",1,1,"PA14",14560000,"6","Alseth_etal"
"PA14","PA+AB+BC+SA",1,1,"PA14",14200000,"6","Alseth_etal"
"PA14","PA+AB+BC+SA",1,1,"SA",9960,"1","Alseth_etal"
"PA14","PA+AB+BC+SA",1,1,"SA",10640,"1","Alseth_etal"
"PA14","PA+AB+BC+SA",1,1,"SA",11540,"1","Alseth_etal"
"PA14","PA+AB+BC+SA",1,1,"SA",11320,"2","Alseth_etal"
"PA14","PA+AB+BC+SA",1,1,"SA",11020,"2","Alseth_etal"
"PA14","PA+AB+BC+SA",1,1,"SA",11560,"2","Alseth_etal"
"PA14","PA+AB+BC+SA",1,1,"SA",9060,"3","Alseth_etal"
"PA14","PA+AB+BC+SA",1,1,"SA",9100,"3","Alseth_etal"
"PA14","PA+AB+BC+SA",1,1,"SA",9260,"3","Alseth_etal"
"PA14","PA+AB+BC+SA",1,1,"SA",13280,"4","Alseth_etal"
"PA14","PA+AB+BC+SA",1,1,"SA",12900,"4","Alseth_etal"
"PA14","PA+AB+BC+SA",1,1,"SA",12720,"4","Alseth_etal"
"PA14","PA+AB+BC+SA",1,1,"SA",7280,"5","Alseth_etal"
"PA14","PA+AB+BC+SA",1,1,"SA",7740,"5","Alseth_etal"
"PA14","PA+AB+BC+SA",1,1,"SA",6720,"5","Alseth_etal"
"PA14","PA+AB+BC+SA",1,1,"SA",19580,"6","Alseth_etal"
"PA14","PA+AB+BC+SA",1,1,"SA",19540,"6","Alseth_etal"
"PA14","PA+AB+BC+SA",1,1,"SA",18300,"6","Alseth_etal"
"PA14","PA+AB+BC+SA",1,1,"AB",1426000,"1","Alseth_etal"
"PA14","PA+AB+BC+SA",1,1,"AB",1588000,"1","Alseth_etal"
"PA14","PA+AB+BC+SA",1,1,"AB",1714000,"1","Alseth_etal"
"PA14","PA+AB+BC+SA",1,1,"AB",1848000,"2","Alseth_etal"
"PA14","PA+AB+BC+SA",1,1,"AB",1718000,"2","Alseth_etal"
"PA14","PA+AB+BC+SA",1,1,"AB",1992000,"2","Alseth_etal"
"PA14","PA+AB+BC+SA",1,1,"AB",1688000,"3","Alseth_etal"
"PA14","PA+AB+BC+SA",1,1,"AB",1664000,"3","Alseth_etal"
"PA14","PA+AB+BC+SA",1,1,"AB",1668000,"3","Alseth_etal"
"PA14","PA+AB+BC+SA",1,1,"AB",364,"4","Alseth_etal"
"PA14","PA+AB+BC+SA",1,1,"AB",320,"4","Alseth_etal"
"PA14","PA+AB+BC+SA",1,1,"AB",436,"4","Alseth_etal"
"PA14","PA+AB+BC+SA",1,1,"AB",1424000,"5","Alseth_etal"
"PA14","PA+AB+BC+SA",1,1,"AB",1524000,"5","Alseth_etal"
"PA14","PA+AB+BC+SA",1,1,"AB",1704000,"5","Alseth_etal"
"PA14","PA+AB+BC+SA",1,1,"AB",1926000,"6","Alseth_etal"
"PA14","PA+AB+BC+SA",1,1,"AB",2020000,"6","Alseth_etal"
"PA14","PA+AB+BC+SA",1,1,"AB",2e+06,"6","Alseth_etal"
"PA14","PA+AB+BC+SA",1,1,"BC",12460000,"1","Alseth_etal"
"PA14","PA+AB+BC+SA",1,1,"BC",12080000,"1","Alseth_etal"
"PA14","PA+AB+BC+SA",1,1,"BC",12760000,"1","Alseth_etal"
"PA14","PA+AB+BC+SA",1,1,"BC",10360000,"2","Alseth_etal"
"PA14","PA+AB+BC+SA",1,1,"BC",10640000,"2","Alseth_etal"
"PA14","PA+AB+BC+SA",1,1,"BC",9540000,"2","Alseth_etal"
"PA14","PA+AB+BC+SA",1,1,"BC",11780000,"3","Alseth_etal"
"PA14","PA+AB+BC+SA",1,1,"BC",10680000,"3","Alseth_etal"
"PA14","PA+AB+BC+SA",1,1,"BC",11680000,"3","Alseth_etal"
"PA14","PA+AB+BC+SA",1,1,"BC",11060000,"4","Alseth_etal"
"PA14","PA+AB+BC+SA",1,1,"BC",NA,"4","Alseth_etal"
"PA14","PA+AB+BC+SA",1,1,"BC",NA,"4","Alseth_etal"
"PA14","PA+AB+BC+SA",1,1,"BC",10420000,"5","Alseth_etal"
"PA14","PA+AB+BC+SA",1,1,"BC",10820000,"5","Alseth_etal"
"PA14","PA+AB+BC+SA",1,1,"BC",11720000,"5","Alseth_etal"
"PA14","PA+AB+BC+SA",1,1,"BC",13540000,"6","Alseth_etal"
"PA14","PA+AB+BC+SA",1,1,"BC",13080000,"6","Alseth_etal"
"PA14","PA+AB+BC+SA",1,1,"BC",13840000,"6","Alseth_etal"
"PA14","PA+SA",1,1,"PA14",23200000,"1","Alseth_etal"
"PA14","PA+SA",1,1,"PA14",24400000,"1","Alseth_etal"
"PA14","PA+SA",1,1,"PA14",16380000,"1","Alseth_etal"
"PA14","PA+SA",1,1,"PA14",28600000,"2","Alseth_etal"
"PA14","PA+SA",1,1,"PA14",2.8e+07,"2","Alseth_etal"
"PA14","PA+SA",1,1,"PA14",26400000,"2","Alseth_etal"
"PA14","PA+SA",1,1,"PA14",23800000,"3","Alseth_etal"
"PA14","PA+SA",1,1,"PA14",23400000,"3","Alseth_etal"
"PA14","PA+SA",1,1,"PA14",20600000,"3","Alseth_etal"
"PA14","PA+SA",1,1,"PA14",23800000,"4","Alseth_etal"
"PA14","PA+SA",1,1,"PA14",22600000,"4","Alseth_etal"
"PA14","PA+SA",1,1,"PA14",22200000,"4","Alseth_etal"
"PA14","PA+SA",1,1,"PA14",24200000,"5","Alseth_etal"
"PA14","PA+SA",1,1,"PA14",25800000,"5","Alseth_etal"
"PA14","PA+SA",1,1,"PA14",2.3e+07,"5","Alseth_etal"
"PA14","PA+SA",1,1,"PA14",3e+07,"6","Alseth_etal"
"PA14","PA+SA",1,1,"PA14",30200000,"6","Alseth_etal"
"PA14","PA+SA",1,1,"PA14",20800000,"6","Alseth_etal"
"PA14","PA+SA",1,1,"SA",1426000,"1","Alseth_etal"
"PA14","PA+SA",1,1,"SA",1482000,"1","Alseth_etal"
"PA14","PA+SA",1,1,"SA",1528000,"1","Alseth_etal"
"PA14","PA+SA",1,1,"SA",1602000,"2","Alseth_etal"
"PA14","PA+SA",1,1,"SA",1746000,"2","Alseth_etal"
"PA14","PA+SA",1,1,"SA",1704000,"2","Alseth_etal"
"PA14","PA+SA",1,1,"SA",466000,"3","Alseth_etal"
"PA14","PA+SA",1,1,"SA",468000,"3","Alseth_etal"
"PA14","PA+SA",1,1,"SA",474000,"3","Alseth_etal"
"PA14","PA+SA",1,1,"SA",540000,"4","Alseth_etal"
"PA14","PA+SA",1,1,"SA",548000,"4","Alseth_etal"
"PA14","PA+SA",1,1,"SA",624000,"4","Alseth_etal"
"PA14","PA+SA",1,1,"SA",916000,"5","Alseth_etal"
"PA14","PA+SA",1,1,"SA",944000,"5","Alseth_etal"
"PA14","PA+SA",1,1,"SA",1024000,"5","Alseth_etal"
"PA14","PA+SA",1,1,"SA",1262000,"6","Alseth_etal"
"PA14","PA+SA",1,1,"SA",1320000,"6","Alseth_etal"
"PA14","PA+SA",1,1,"SA",1252000,"6","Alseth_etal"
"PA14","PA+AB",1,1,"PA14",12580000,"1","Alseth_etal"
"PA14","PA+AB",1,1,"PA14",12780000,"1","Alseth_etal"
"PA14","PA+AB",1,1,"PA14",11860000,"1","Alseth_etal"
"PA14","PA+AB",1,1,"PA14",13980000,"2","Alseth_etal"
"PA14","PA+AB",1,1,"PA14",13720000,"2","Alseth_etal"
"PA14","PA+AB",1,1,"PA14",13660000,"2","Alseth_etal"
"PA14","PA+AB",1,1,"PA14",14460000,"3","Alseth_etal"
"PA14","PA+AB",1,1,"PA14",14060000,"3","Alseth_etal"
"PA14","PA+AB",1,1,"PA14",13140000,"3","Alseth_etal"
"PA14","PA+AB",1,1,"PA14",16360000,"4","Alseth_etal"
"PA14","PA+AB",1,1,"PA14",16520000,"4","Alseth_etal"
"PA14","PA+AB",1,1,"PA14",13460000,"4","Alseth_etal"
"PA14","PA+AB",1,1,"PA14",12120000,"5","Alseth_etal"
"PA14","PA+AB",1,1,"PA14",12520000,"5","Alseth_etal"
"PA14","PA+AB",1,1,"PA14",12300000,"5","Alseth_etal"
"PA14","PA+AB",1,1,"PA14",13060000,"6","Alseth_etal"
"PA14","PA+AB",1,1,"PA14",13580000,"6","Alseth_etal"
"PA14","PA+AB",1,1,"PA14",11300000,"6","Alseth_etal"
"PA14","PA+AB",1,1,"AB",6560000,"1","Alseth_etal"
"PA14","PA+AB",1,1,"AB",6120000,"1","Alseth_etal"
"PA14","PA+AB",1,1,"AB",6100000,"1","Alseth_etal"
"PA14","PA+AB",1,1,"AB",7260000,"2","Alseth_etal"
"PA14","PA+AB",1,1,"AB",7900000,"2","Alseth_etal"
"PA14","PA+AB",1,1,"AB",7900000,"2","Alseth_etal"
"PA14","PA+AB",1,1,"AB",7360000,"3","Alseth_etal"
"PA14","PA+AB",1,1,"AB",6860000,"3","Alseth_etal"
"PA14","PA+AB",1,1,"AB",7480000,"3","Alseth_etal"
"PA14","PA+AB",1,1,"AB",9080000,"4","Alseth_etal"
"PA14","PA+AB",1,1,"AB",8600000,"4","Alseth_etal"
"PA14","PA+AB",1,1,"AB",8600000,"4","Alseth_etal"
"PA14","PA+AB",1,1,"AB",6200000,"5","Alseth_etal"
"PA14","PA+AB",1,1,"AB",6200000,"5","Alseth_etal"
"PA14","PA+AB",1,1,"AB",7060000,"5","Alseth_etal"
"PA14","PA+AB",1,1,"AB",7780000,"6","Alseth_etal"
"PA14","PA+AB",1,1,"AB",7960000,"6","Alseth_etal"
"PA14","PA+AB",1,1,"AB",7500000,"6","Alseth_etal"
"PA14","PA+BC",1,1,"PA14",3580000,"1","Alseth_etal"
"PA14","PA+BC",1,1,"PA14",3740000,"1","Alseth_etal"
"PA14","PA+BC",1,1,"PA14",4080000,"1","Alseth_etal"
"PA14","PA+BC",1,1,"PA14",3440000,"2","Alseth_etal"
"PA14","PA+BC",1,1,"PA14",3480000,"2","Alseth_etal"
"PA14","PA+BC",1,1,"PA14",3360000,"2","Alseth_etal"
"PA14","PA+BC",1,1,"PA14",3220000,"3","Alseth_etal"
"PA14","PA+BC",1,1,"PA14",3040000,"3","Alseth_etal"
"PA14","PA+BC",1,1,"PA14",3380000,"3","Alseth_etal"
"PA14","PA+BC",1,1,"PA14",4240000,"4","Alseth_etal"
"PA14","PA+BC",1,1,"PA14",4260000,"4","Alseth_etal"
"PA14","PA+BC",1,1,"PA14",4600000,"4","Alseth_etal"
"PA14","PA+BC",1,1,"PA14",6180000,"5","Alseth_etal"
"PA14","PA+BC",1,1,"PA14",6300000,"5","Alseth_etal"
"PA14","PA+BC",1,1,"PA14",6840000,"5","Alseth_etal"
"PA14","PA+BC",1,1,"PA14",3260000,"6","Alseth_etal"
"PA14","PA+BC",1,1,"PA14",3360000,"6","Alseth_etal"
"PA14","PA+BC",1,1,"PA14",3280000,"6","Alseth_etal"
"PA14","PA+BC",1,1,"BC",7900000,"1","Alseth_etal"
"PA14","PA+BC",1,1,"BC",7640000,"1","Alseth_etal"
"PA14","PA+BC",1,1,"BC",7640000,"1","Alseth_etal"
"PA14","PA+BC",1,1,"BC",3260000,"2","Alseth_etal"
"PA14","PA+BC",1,1,"BC",3820000,"2","Alseth_etal"
"PA14","PA+BC",1,1,"BC",3720000,"2","Alseth_etal"
"PA14","PA+BC",1,1,"BC",11360000,"3","Alseth_etal"
"PA14","PA+BC",1,1,"BC",11940000,"3","Alseth_etal"
"PA14","PA+BC",1,1,"BC",11080000,"3","Alseth_etal"
"PA14","PA+BC",1,1,"BC",10520000,"4","Alseth_etal"
"PA14","PA+BC",1,1,"BC",10920000,"4","Alseth_etal"
"PA14","PA+BC",1,1,"BC",10660000,"4","Alseth_etal"
"PA14","PA+BC",1,1,"BC",8280000,"5","Alseth_etal"
"PA14","PA+BC",1,1,"BC",8080000,"5","Alseth_etal"
"PA14","PA+BC",1,1,"BC",9820000,"5","Alseth_etal"
"PA14","PA+BC",1,1,"BC",3360000,"6","Alseth_etal"
"PA14","PA+BC",1,1,"BC",3600000,"6","Alseth_etal"
"PA14","PA+BC",1,1,"BC",3420000,"6","Alseth_etal"
"PA14","PA+AB+BC+SA",1,2,"PA14",113200,"1","Alseth_etal"
"PA14","PA+AB+BC+SA",1,2,"PA14",112800,"1","Alseth_etal"
"PA14","PA+AB+BC+SA",1,2,"PA14",107000,"1","Alseth_etal"
"PA14","PA+AB+BC+SA",1,2,"PA14",87000,"2","Alseth_etal"
"PA14","PA+AB+BC+SA",1,2,"PA14",89800,"2","Alseth_etal"
"PA14","PA+AB+BC+SA",1,2,"PA14",90800,"2","Alseth_etal"
"PA14","PA+AB+BC+SA",1,2,"PA14",68800,"3","Alseth_etal"
"PA14","PA+AB+BC+SA",1,2,"PA14",71800,"3","Alseth_etal"
"PA14","PA+AB+BC+SA",1,2,"PA14",74400,"3","Alseth_etal"
"PA14","PA+AB+BC+SA",1,2,"PA14",99200,"4","Alseth_etal"
"PA14","PA+AB+BC+SA",1,2,"PA14",95400,"4","Alseth_etal"
"PA14","PA+AB+BC+SA",1,2,"PA14",99400,"4","Alseth_etal"
"PA14","PA+AB+BC+SA",1,2,"PA14",71400,"5","Alseth_etal"
"PA14","PA+AB+BC+SA",1,2,"PA14",73000,"5","Alseth_etal"
"PA14","PA+AB+BC+SA",1,2,"PA14",71800,"5","Alseth_etal"
"PA14","PA+AB+BC+SA",1,2,"PA14",76400,"6","Alseth_etal"
"PA14","PA+AB+BC+SA",1,2,"PA14",76200,"6","Alseth_etal"
"PA14","PA+AB+BC+SA",1,2,"PA14",74000,"6","Alseth_etal"
"PA14","PA+AB+BC+SA",1,2,"SA",132000,"1","Alseth_etal"
"PA14","PA+AB+BC+SA",1,2,"SA",131200,"1","Alseth_etal"
"PA14","PA+AB+BC+SA",1,2,"SA",132000,"1","Alseth_etal"
"PA14","PA+AB+BC+SA",1,2,"SA",107600,"2","Alseth_etal"
"PA14","PA+AB+BC+SA",1,2,"SA",106600,"2","Alseth_etal"
"PA14","PA+AB+BC+SA",1,2,"SA",107600,"2","Alseth_etal"
"PA14","PA+AB+BC+SA",1,2,"SA",155000,"3","Alseth_etal"
"PA14","PA+AB+BC+SA",1,2,"SA",159200,"3","Alseth_etal"
"PA14","PA+AB+BC+SA",1,2,"SA",164400,"3","Alseth_etal"
"PA14","PA+AB+BC+SA",1,2,"SA",206000,"4","Alseth_etal"
"PA14","PA+AB+BC+SA",1,2,"SA",210000,"4","Alseth_etal"
"PA14","PA+AB+BC+SA",1,2,"SA",212000,"4","Alseth_etal"
"PA14","PA+AB+BC+SA",1,2,"SA",108600,"5","Alseth_etal"
"PA14","PA+AB+BC+SA",1,2,"SA",110200,"5","Alseth_etal"
"PA14","PA+AB+BC+SA",1,2,"SA",110800,"5","Alseth_etal"
"PA14","PA+AB+BC+SA",1,2,"SA",46200,"6","Alseth_etal"
"PA14","PA+AB+BC+SA",1,2,"SA",45800,"6","Alseth_etal"
"PA14","PA+AB+BC+SA",1,2,"SA",44200,"6","Alseth_etal"
"PA14","PA+AB+BC+SA",1,2,"AB",3900000,"1","Alseth_etal"
"PA14","PA+AB+BC+SA",1,2,"AB",3800000,"1","Alseth_etal"
"PA14","PA+AB+BC+SA",1,2,"AB",3740000,"1","Alseth_etal"
"PA14","PA+AB+BC+SA",1,2,"AB",3880000,"2","Alseth_etal"
"PA14","PA+AB+BC+SA",1,2,"AB",3740000,"2","Alseth_etal"
"PA14","PA+AB+BC+SA",1,2,"AB",3780000,"2","Alseth_etal"
"PA14","PA+AB+BC+SA",1,2,"AB",2700000,"3","Alseth_etal"
"PA14","PA+AB+BC+SA",1,2,"AB",2920000,"3","Alseth_etal"
"PA14","PA+AB+BC+SA",1,2,"AB",3140000,"3","Alseth_etal"
"PA14","PA+AB+BC+SA",1,2,"AB",2720000,"4","Alseth_etal"
"PA14","PA+AB+BC+SA",1,2,"AB",2780000,"4","Alseth_etal"
"PA14","PA+AB+BC+SA",1,2,"AB",2780000,"4","Alseth_etal"
"PA14","PA+AB+BC+SA",1,2,"AB",3040000,"5","Alseth_etal"
"PA14","PA+AB+BC+SA",1,2,"AB",2960000,"5","Alseth_etal"
"PA14","PA+AB+BC+SA",1,2,"AB",2880000,"5","Alseth_etal"
"PA14","PA+AB+BC+SA",1,2,"AB",1986000,"6","Alseth_etal"
"PA14","PA+AB+BC+SA",1,2,"AB",2100000,"6","Alseth_etal"
"PA14","PA+AB+BC+SA",1,2,"AB",2e+06,"6","Alseth_etal"
"PA14","PA+AB+BC+SA",1,2,"BC",27200000,"1","Alseth_etal"
"PA14","PA+AB+BC+SA",1,2,"BC",2.7e+07,"1","Alseth_etal"
"PA14","PA+AB+BC+SA",1,2,"BC",19840000,"1","Alseth_etal"
"PA14","PA+AB+BC+SA",1,2,"BC",2.2e+07,"2","Alseth_etal"
"PA14","PA+AB+BC+SA",1,2,"BC",21200000,"2","Alseth_etal"
"PA14","PA+AB+BC+SA",1,2,"BC",17080000,"2","Alseth_etal"
"PA14","PA+AB+BC+SA",1,2,"BC",17520000,"3","Alseth_etal"
"PA14","PA+AB+BC+SA",1,2,"BC",17940000,"3","Alseth_etal"
"PA14","PA+AB+BC+SA",1,2,"BC",17120000,"3","Alseth_etal"
"PA14","PA+AB+BC+SA",1,2,"BC",25400000,"4","Alseth_etal"
"PA14","PA+AB+BC+SA",1,2,"BC",24600000,"4","Alseth_etal"
"PA14","PA+AB+BC+SA",1,2,"BC",24800000,"4","Alseth_etal"
"PA14","PA+AB+BC+SA",1,2,"BC",22400000,"5","Alseth_etal"
"PA14","PA+AB+BC+SA",1,2,"BC",25600000,"5","Alseth_etal"
"PA14","PA+AB+BC+SA",1,2,"BC",2.3e+07,"5","Alseth_etal"
"PA14","PA+AB+BC+SA",1,2,"BC",26400000,"6","Alseth_etal"
"PA14","PA+AB+BC+SA",1,2,"BC",27600000,"6","Alseth_etal"
"PA14","PA+AB+BC+SA",1,2,"BC",27400000,"6","Alseth_etal"
"PA14","PA+SA",1,2,"PA14",23400000,"1","Alseth_etal"
"PA14","PA+SA",1,2,"PA14",24400000,"1","Alseth_etal"
"PA14","PA+SA",1,2,"PA14",16460000,"1","Alseth_etal"
"PA14","PA+SA",1,2,"PA14",25600000,"2","Alseth_etal"
"PA14","PA+SA",1,2,"PA14",23200000,"2","Alseth_etal"
"PA14","PA+SA",1,2,"PA14",15580000,"2","Alseth_etal"
"PA14","PA+SA",1,2,"PA14",22400000,"3","Alseth_etal"
"PA14","PA+SA",1,2,"PA14",14120000,"3","Alseth_etal"
"PA14","PA+SA",1,2,"PA14",NA,"3","Alseth_etal"
"PA14","PA+SA",1,2,"PA14",22600000,"4","Alseth_etal"
"PA14","PA+SA",1,2,"PA14",22600000,"4","Alseth_etal"
"PA14","PA+SA",1,2,"PA14",19660000,"4","Alseth_etal"
"PA14","PA+SA",1,2,"PA14",25800000,"5","Alseth_etal"
"PA14","PA+SA",1,2,"PA14",24600000,"5","Alseth_etal"
"PA14","PA+SA",1,2,"PA14",22400000,"5","Alseth_etal"
"PA14","PA+SA",1,2,"PA14",22400000,"6","Alseth_etal"
"PA14","PA+SA",1,2,"PA14",24200000,"6","Alseth_etal"
"PA14","PA+SA",1,2,"PA14",16380000,"6","Alseth_etal"
"PA14","PA+SA",1,2,"SA",1918000,"1","Alseth_etal"
"PA14","PA+SA",1,2,"SA",1908000,"1","Alseth_etal"
"PA14","PA+SA",1,2,"SA",1934000,"1","Alseth_etal"
"PA14","PA+SA",1,2,"SA",898000,"2","Alseth_etal"
"PA14","PA+SA",1,2,"SA",878000,"2","Alseth_etal"
"PA14","PA+SA",1,2,"SA",876000,"2","Alseth_etal"
"PA14","PA+SA",1,2,"SA",470000,"3","Alseth_etal"
"PA14","PA+SA",1,2,"SA",488000,"3","Alseth_etal"
"PA14","PA+SA",1,2,"SA",518000,"3","Alseth_etal"
"PA14","PA+SA",1,2,"SA",604000,"4","Alseth_etal"
"PA14","PA+SA",1,2,"SA",648000,"4","Alseth_etal"
"PA14","PA+SA",1,2,"SA",614000,"4","Alseth_etal"
"PA14","PA+SA",1,2,"SA",9e+05,"5","Alseth_etal"
"PA14","PA+SA",1,2,"SA",892000,"5","Alseth_etal"
"PA14","PA+SA",1,2,"SA",882000,"5","Alseth_etal"
"PA14","PA+SA",1,2,"SA",368000,"6","Alseth_etal"
"PA14","PA+SA",1,2,"SA",358000,"6","Alseth_etal"
"PA14","PA+SA",1,2,"SA",358000,"6","Alseth_etal"
"PA14","PA+AB",1,2,"PA14",250000,"1","Alseth_etal"
"PA14","PA+AB",1,2,"PA14",242000,"1","Alseth_etal"
"PA14","PA+AB",1,2,"PA14",149800,"1","Alseth_etal"
"PA14","PA+AB",1,2,"PA14",690000,"2","Alseth_etal"
"PA14","PA+AB",1,2,"PA14",634000,"2","Alseth_etal"
"PA14","PA+AB",1,2,"PA14",478000,"2","Alseth_etal"
"PA14","PA+AB",1,2,"PA14",294000,"3","Alseth_etal"
"PA14","PA+AB",1,2,"PA14",3e+05,"3","Alseth_etal"
"PA14","PA+AB",1,2,"PA14",302000,"3","Alseth_etal"
"PA14","PA+AB",1,2,"PA14",242000,"4","Alseth_etal"
"PA14","PA+AB",1,2,"PA14",234000,"4","Alseth_etal"
"PA14","PA+AB",1,2,"PA14",108000,"4","Alseth_etal"
"PA14","PA+AB",1,2,"PA14",318000,"5","Alseth_etal"
"PA14","PA+AB",1,2,"PA14",322000,"5","Alseth_etal"
"PA14","PA+AB",1,2,"PA14",189000,"5","Alseth_etal"
"PA14","PA+AB",1,2,"PA14",366000,"6","Alseth_etal"
"PA14","PA+AB",1,2,"PA14",358000,"6","Alseth_etal"
"PA14","PA+AB",1,2,"PA14",352000,"6","Alseth_etal"
"PA14","PA+AB",1,2,"AB",60200000,"1","Alseth_etal"
"PA14","PA+AB",1,2,"AB",56200000,"1","Alseth_etal"
"PA14","PA+AB",1,2,"AB",5.6e+07,"1","Alseth_etal"
"PA14","PA+AB",1,2,"AB",30600000,"2","Alseth_etal"
"PA14","PA+AB",1,2,"AB",2.9e+07,"2","Alseth_etal"
"PA14","PA+AB",1,2,"AB",26600000,"2","Alseth_etal"
"PA14","PA+AB",1,2,"AB",21800000,"3","Alseth_etal"
"PA14","PA+AB",1,2,"AB",29200000,"3","Alseth_etal"
"PA14","PA+AB",1,2,"AB",28800000,"3","Alseth_etal"
"PA14","PA+AB",1,2,"AB",30800000,"4","Alseth_etal"
"PA14","PA+AB",1,2,"AB",29800000,"4","Alseth_etal"
"PA14","PA+AB",1,2,"AB",3.1e+07,"4","Alseth_etal"
"PA14","PA+AB",1,2,"AB",22200000,"5","Alseth_etal"
"PA14","PA+AB",1,2,"AB",21200000,"5","Alseth_etal"
"PA14","PA+AB",1,2,"AB",28200000,"5","Alseth_etal"
"PA14","PA+AB",1,2,"AB",35800000,"6","Alseth_etal"
"PA14","PA+AB",1,2,"AB",34800000,"6","Alseth_etal"
"PA14","PA+AB",1,2,"AB",31400000,"6","Alseth_etal"
"PA14","PA+BC",1,2,"PA14",34600,"1","Alseth_etal"
"PA14","PA+BC",1,2,"PA14",34800,"1","Alseth_etal"
"PA14","PA+BC",1,2,"PA14",34800,"1","Alseth_etal"
"PA14","PA+BC",1,2,"PA14",94000,"2","Alseth_etal"
"PA14","PA+BC",1,2,"PA14",95400,"2","Alseth_etal"
"PA14","PA+BC",1,2,"PA14",92200,"2","Alseth_etal"
"PA14","PA+BC",1,2,"PA14",34200,"3","Alseth_etal"
"PA14","PA+BC",1,2,"PA14",36400,"3","Alseth_etal"
"PA14","PA+BC",1,2,"PA14",37600,"3","Alseth_etal"
"PA14","PA+BC",1,2,"PA14",60400,"4","Alseth_etal"
"PA14","PA+BC",1,2,"PA14",61000,"4","Alseth_etal"
"PA14","PA+BC",1,2,"PA14",53600,"4","Alseth_etal"
"PA14","PA+BC",1,2,"PA14",31200,"5","Alseth_etal"
"PA14","PA+BC",1,2,"PA14",32200,"5","Alseth_etal"
"PA14","PA+BC",1,2,"PA14",31200,"5","Alseth_etal"
"PA14","PA+BC",1,2,"PA14",35200,"6","Alseth_etal"
"PA14","PA+BC",1,2,"PA14",34400,"6","Alseth_etal"
"PA14","PA+BC",1,2,"PA14",33200,"6","Alseth_etal"
"PA14","PA+BC",1,2,"BC",6.8e+07,"1","Alseth_etal"
"PA14","PA+BC",1,2,"BC",67200000,"1","Alseth_etal"
"PA14","PA+BC",1,2,"BC",67800000,"1","Alseth_etal"
"PA14","PA+BC",1,2,"BC",5.8e+07,"2","Alseth_etal"
"PA14","PA+BC",1,2,"BC",57600000,"2","Alseth_etal"
"PA14","PA+BC",1,2,"BC",5.7e+07,"2","Alseth_etal"
"PA14","PA+BC",1,2,"BC",51400000,"3","Alseth_etal"
"PA14","PA+BC",1,2,"BC",5.4e+07,"3","Alseth_etal"
"PA14","PA+BC",1,2,"BC",57400000,"3","Alseth_etal"
"PA14","PA+BC",1,2,"BC",70200000,"4","Alseth_etal"
"PA14","PA+BC",1,2,"BC",69800000,"4","Alseth_etal"
"PA14","PA+BC",1,2,"BC",69200000,"4","Alseth_etal"
"PA14","PA+BC",1,2,"BC",5.8e+07,"5","Alseth_etal"
"PA14","PA+BC",1,2,"BC",6e+07,"5","Alseth_etal"
"PA14","PA+BC",1,2,"BC",57200000,"5","Alseth_etal"
"PA14","PA+BC",1,2,"BC",5e+07,"6","Alseth_etal"
"PA14","PA+BC",1,2,"BC",47400000,"6","Alseth_etal"
"PA14","PA+BC",1,2,"BC",4.7e+07,"6","Alseth_etal"
"PA14","PA+AB+BC+SA",1,3,"PA14",184000,"1","Alseth_etal"
"PA14","PA+AB+BC+SA",1,3,"PA14",171800,"1","Alseth_etal"
"PA14","PA+AB+BC+SA",1,3,"PA14",2e+05,"1","Alseth_etal"
"PA14","PA+AB+BC+SA",1,3,"PA14",155400,"2","Alseth_etal"
"PA14","PA+AB+BC+SA",1,3,"PA14",142800,"2","Alseth_etal"
"PA14","PA+AB+BC+SA",1,3,"PA14",157400,"2","Alseth_etal"
"PA14","PA+AB+BC+SA",1,3,"PA14",112800,"3","Alseth_etal"
"PA14","PA+AB+BC+SA",1,3,"PA14",117000,"3","Alseth_etal"
"PA14","PA+AB+BC+SA",1,3,"PA14",116000,"3","Alseth_etal"
"PA14","PA+AB+BC+SA",1,3,"PA14",139000,"4","Alseth_etal"
"PA14","PA+AB+BC+SA",1,3,"PA14",130200,"4","Alseth_etal"
"PA14","PA+AB+BC+SA",1,3,"PA14",124600,"4","Alseth_etal"
"PA14","PA+AB+BC+SA",1,3,"PA14",118200,"5","Alseth_etal"
"PA14","PA+AB+BC+SA",1,3,"PA14",125200,"5","Alseth_etal"
"PA14","PA+AB+BC+SA",1,3,"PA14",130600,"5","Alseth_etal"
"PA14","PA+AB+BC+SA",1,3,"PA14",250000,"6","Alseth_etal"
"PA14","PA+AB+BC+SA",1,3,"PA14",236000,"6","Alseth_etal"
"PA14","PA+AB+BC+SA",1,3,"PA14",256000,"6","Alseth_etal"
"PA14","PA+AB+BC+SA",1,3,"SA",366000,"1","Alseth_etal"
"PA14","PA+AB+BC+SA",1,3,"SA",132800,"1","Alseth_etal"
"PA14","PA+AB+BC+SA",1,3,"SA",NA,"1","Alseth_etal"
"PA14","PA+AB+BC+SA",1,3,"SA",418000,"2","Alseth_etal"
"PA14","PA+AB+BC+SA",1,3,"SA",444000,"2","Alseth_etal"
"PA14","PA+AB+BC+SA",1,3,"SA",458000,"2","Alseth_etal"
"PA14","PA+AB+BC+SA",1,3,"SA",1218000,"3","Alseth_etal"
"PA14","PA+AB+BC+SA",1,3,"SA",1258000,"3","Alseth_etal"
"PA14","PA+AB+BC+SA",1,3,"SA",1154000,"3","Alseth_etal"
"PA14","PA+AB+BC+SA",1,3,"SA",1082000,"4","Alseth_etal"
"PA14","PA+AB+BC+SA",1,3,"SA",1108000,"4","Alseth_etal"
"PA14","PA+AB+BC+SA",1,3,"SA",946000,"4","Alseth_etal"
"PA14","PA+AB+BC+SA",1,3,"SA",344000,"5","Alseth_etal"
"PA14","PA+AB+BC+SA",1,3,"SA",344000,"5","Alseth_etal"
"PA14","PA+AB+BC+SA",1,3,"SA",366000,"5","Alseth_etal"
"PA14","PA+AB+BC+SA",1,3,"SA",484000,"6","Alseth_etal"
"PA14","PA+AB+BC+SA",1,3,"SA",472000,"6","Alseth_etal"
"PA14","PA+AB+BC+SA",1,3,"SA",546000,"6","Alseth_etal"
"PA14","PA+AB+BC+SA",1,3,"AB",5440000,"1","Alseth_etal"
"PA14","PA+AB+BC+SA",1,3,"AB",6480000,"1","Alseth_etal"
"PA14","PA+AB+BC+SA",1,3,"AB",6620000,"1","Alseth_etal"
"PA14","PA+AB+BC+SA",1,3,"AB",9980000,"2","Alseth_etal"
"PA14","PA+AB+BC+SA",1,3,"AB",9540000,"2","Alseth_etal"
"PA14","PA+AB+BC+SA",1,3,"AB",10120000,"2","Alseth_etal"
"PA14","PA+AB+BC+SA",1,3,"AB",10600000,"3","Alseth_etal"
"PA14","PA+AB+BC+SA",1,3,"AB",9280000,"3","Alseth_etal"
"PA14","PA+AB+BC+SA",1,3,"AB",7800000,"3","Alseth_etal"
"PA14","PA+AB+BC+SA",1,3,"AB",8740000,"4","Alseth_etal"
"PA14","PA+AB+BC+SA",1,3,"AB",9980000,"4","Alseth_etal"
"PA14","PA+AB+BC+SA",1,3,"AB",9320000,"4","Alseth_etal"
"PA14","PA+AB+BC+SA",1,3,"AB",6140000,"5","Alseth_etal"
"PA14","PA+AB+BC+SA",1,3,"AB",6040000,"5","Alseth_etal"
"PA14","PA+AB+BC+SA",1,3,"AB",6220000,"5","Alseth_etal"
"PA14","PA+AB+BC+SA",1,3,"AB",8940000,"6","Alseth_etal"
"PA14","PA+AB+BC+SA",1,3,"AB",10440000,"6","Alseth_etal"
"PA14","PA+AB+BC+SA",1,3,"AB",9880000,"6","Alseth_etal"
"PA14","PA+AB+BC+SA",1,3,"BC",16660000,"1","Alseth_etal"
"PA14","PA+AB+BC+SA",1,3,"BC",16080000,"1","Alseth_etal"
"PA14","PA+AB+BC+SA",1,3,"BC",1.7e+07,"1","Alseth_etal"
"PA14","PA+AB+BC+SA",1,3,"BC",17820000,"2","Alseth_etal"
"PA14","PA+AB+BC+SA",1,3,"BC",18920000,"2","Alseth_etal"
"PA14","PA+AB+BC+SA",1,3,"BC",18720000,"2","Alseth_etal"
"PA14","PA+AB+BC+SA",1,3,"BC",16420000,"3","Alseth_etal"
"PA14","PA+AB+BC+SA",1,3,"BC",16800000,"3","Alseth_etal"
"PA14","PA+AB+BC+SA",1,3,"BC",13640000,"3","Alseth_etal"
"PA14","PA+AB+BC+SA",1,3,"BC",15060000,"4","Alseth_etal"
"PA14","PA+AB+BC+SA",1,3,"BC",15100000,"4","Alseth_etal"
"PA14","PA+AB+BC+SA",1,3,"BC",10620000,"4","Alseth_etal"
"PA14","PA+AB+BC+SA",1,3,"BC",15220000,"5","Alseth_etal"
"PA14","PA+AB+BC+SA",1,3,"BC",15340000,"5","Alseth_etal"
"PA14","PA+AB+BC+SA",1,3,"BC",12240000,"5","Alseth_etal"
"PA14","PA+AB+BC+SA",1,3,"BC",20600000,"6","Alseth_etal"
"PA14","PA+AB+BC+SA",1,3,"BC",18680000,"6","Alseth_etal"
"PA14","PA+AB+BC+SA",1,3,"BC",21800000,"6","Alseth_etal"
"PA14","PA+SA",1,3,"PA14",31800000,"1","Alseth_etal"
"PA14","PA+SA",1,3,"PA14",31600000,"1","Alseth_etal"
"PA14","PA+SA",1,3,"PA14",24800000,"1","Alseth_etal"
"PA14","PA+SA",1,3,"PA14",35600000,"2","Alseth_etal"
"PA14","PA+SA",1,3,"PA14",3.5e+07,"2","Alseth_etal"
"PA14","PA+SA",1,3,"PA14",27400000,"2","Alseth_etal"
"PA14","PA+SA",1,3,"PA14",32600000,"3","Alseth_etal"
"PA14","PA+SA",1,3,"PA14",33600000,"3","Alseth_etal"
"PA14","PA+SA",1,3,"PA14",33400000,"3","Alseth_etal"
"PA14","PA+SA",1,3,"PA14",29200000,"4","Alseth_etal"
"PA14","PA+SA",1,3,"PA14",29800000,"4","Alseth_etal"
"PA14","PA+SA",1,3,"PA14",26800000,"4","Alseth_etal"
"PA14","PA+SA",1,3,"PA14",31600000,"5","Alseth_etal"
"PA14","PA+SA",1,3,"PA14",33800000,"5","Alseth_etal"
"PA14","PA+SA",1,3,"PA14",31600000,"5","Alseth_etal"
"PA14","PA+SA",1,3,"PA14",31800000,"6","Alseth_etal"
"PA14","PA+SA",1,3,"PA14",31600000,"6","Alseth_etal"
"PA14","PA+SA",1,3,"PA14",32600000,"6","Alseth_etal"
"PA14","PA+SA",1,3,"SA",73200,"1","Alseth_etal"
"PA14","PA+SA",1,3,"SA",71600,"1","Alseth_etal"
"PA14","PA+SA",1,3,"SA",75400,"1","Alseth_etal"
"PA14","PA+SA",1,3,"SA",165000,"2","Alseth_etal"
"PA14","PA+SA",1,3,"SA",171400,"2","Alseth_etal"
"PA14","PA+SA",1,3,"SA",174800,"2","Alseth_etal"
"PA14","PA+SA",1,3,"SA",320000,"3","Alseth_etal"
"PA14","PA+SA",1,3,"SA",320000,"3","Alseth_etal"
"PA14","PA+SA",1,3,"SA",314000,"3","Alseth_etal"
"PA14","PA+SA",1,3,"SA",214000,"4","Alseth_etal"
"PA14","PA+SA",1,3,"SA",204000,"4","Alseth_etal"
"PA14","PA+SA",1,3,"SA",192600,"4","Alseth_etal"
"PA14","PA+SA",1,3,"SA",138200,"5","Alseth_etal"
"PA14","PA+SA",1,3,"SA",141000,"5","Alseth_etal"
"PA14","PA+SA",1,3,"SA",141600,"5","Alseth_etal"
"PA14","PA+SA",1,3,"SA",218000,"6","Alseth_etal"
"PA14","PA+SA",1,3,"SA",210000,"6","Alseth_etal"
"PA14","PA+SA",1,3,"SA",216000,"6","Alseth_etal"
"PA14","PA+AB",1,3,"PA14",434000,"1","Alseth_etal"
"PA14","PA+AB",1,3,"PA14",426000,"1","Alseth_etal"
"PA14","PA+AB",1,3,"PA14",290000,"1","Alseth_etal"
"PA14","PA+AB",1,3,"PA14",5180000,"2","Alseth_etal"
"PA14","PA+AB",1,3,"PA14",5540000,"2","Alseth_etal"
"PA14","PA+AB",1,3,"PA14",4560000,"2","Alseth_etal"
"PA14","PA+AB",1,3,"PA14",1604000,"3","Alseth_etal"
"PA14","PA+AB",1,3,"PA14",1610000,"3","Alseth_etal"
"PA14","PA+AB",1,3,"PA14",1274000,"3","Alseth_etal"
"PA14","PA+AB",1,3,"PA14",908000,"4","Alseth_etal"
"PA14","PA+AB",1,3,"PA14",884000,"4","Alseth_etal"
"PA14","PA+AB",1,3,"PA14",476000,"4","Alseth_etal"
"PA14","PA+AB",1,3,"PA14",1138000,"5","Alseth_etal"
"PA14","PA+AB",1,3,"PA14",1120000,"5","Alseth_etal"
"PA14","PA+AB",1,3,"PA14",896000,"5","Alseth_etal"
"PA14","PA+AB",1,3,"PA14",2400000,"6","Alseth_etal"
"PA14","PA+AB",1,3,"PA14",2560000,"6","Alseth_etal"
"PA14","PA+AB",1,3,"PA14",1906000,"6","Alseth_etal"
"PA14","PA+AB",1,3,"AB",31200000,"1","Alseth_etal"
"PA14","PA+AB",1,3,"AB",32200000,"1","Alseth_etal"
"PA14","PA+AB",1,3,"AB",26800000,"1","Alseth_etal"
"PA14","PA+AB",1,3,"AB",29800000,"2","Alseth_etal"
"PA14","PA+AB",1,3,"AB",32400000,"2","Alseth_etal"
"PA14","PA+AB",1,3,"AB",3.2e+07,"2","Alseth_etal"
"PA14","PA+AB",1,3,"AB",33800000,"3","Alseth_etal"
"PA14","PA+AB",1,3,"AB",35400000,"3","Alseth_etal"
"PA14","PA+AB",1,3,"AB",35800000,"3","Alseth_etal"
"PA14","PA+AB",1,3,"AB",32200000,"4","Alseth_etal"
"PA14","PA+AB",1,3,"AB",26400000,"4","Alseth_etal"
"PA14","PA+AB",1,3,"AB",3e+07,"4","Alseth_etal"
"PA14","PA+AB",1,3,"AB",23600000,"5","Alseth_etal"
"PA14","PA+AB",1,3,"AB",30600000,"5","Alseth_etal"
"PA14","PA+AB",1,3,"AB",29800000,"5","Alseth_etal"
"PA14","PA+AB",1,3,"AB",33400000,"6","Alseth_etal"
"PA14","PA+AB",1,3,"AB",3.3e+07,"6","Alseth_etal"
"PA14","PA+AB",1,3,"AB",3.4e+07,"6","Alseth_etal"
"PA14","PA+BC",1,3,"PA14",3320000,"1","Alseth_etal"
"PA14","PA+BC",1,3,"PA14",3260000,"1","Alseth_etal"
"PA14","PA+BC",1,3,"PA14",3400000,"1","Alseth_etal"
"PA14","PA+BC",1,3,"PA14",7160000,"2","Alseth_etal"
"PA14","PA+BC",1,3,"PA14",7380000,"2","Alseth_etal"
"PA14","PA+BC",1,3,"PA14",8020000,"2","Alseth_etal"
"PA14","PA+BC",1,3,"PA14",1954000,"3","Alseth_etal"
"PA14","PA+BC",1,3,"PA14",1980000,"3","Alseth_etal"
"PA14","PA+BC",1,3,"PA14",1870000,"3","Alseth_etal"
"PA14","PA+BC",1,3,"PA14",1026000,"4","Alseth_etal"
"PA14","PA+BC",1,3,"PA14",996000,"4","Alseth_etal"
"PA14","PA+BC",1,3,"PA14",908000,"4","Alseth_etal"
"PA14","PA+BC",1,3,"PA14",3020000,"5","Alseth_etal"
"PA14","PA+BC",1,3,"PA14",3140000,"5","Alseth_etal"
"PA14","PA+BC",1,3,"PA14",3160000,"5","Alseth_etal"
"PA14","PA+BC",1,3,"PA14",7400000,"6","Alseth_etal"
"PA14","PA+BC",1,3,"PA14",7140000,"6","Alseth_etal"
"PA14","PA+BC",1,3,"PA14",7280000,"6","Alseth_etal"
"PA14","PA+BC",1,3,"BC",4.7e+07,"1","Alseth_etal"
"PA14","PA+BC",1,3,"BC",4.7e+07,"1","Alseth_etal"
"PA14","PA+BC",1,3,"BC",49600000,"1","Alseth_etal"
"PA14","PA+BC",1,3,"BC",47200000,"2","Alseth_etal"
"PA14","PA+BC",1,3,"BC",50200000,"2","Alseth_etal"
"PA14","PA+BC",1,3,"BC",50600000,"2","Alseth_etal"
"PA14","PA+BC",1,3,"BC",54600000,"3","Alseth_etal"
"PA14","PA+BC",1,3,"BC",55600000,"3","Alseth_etal"
"PA14","PA+BC",1,3,"BC",5.5e+07,"3","Alseth_etal"
"PA14","PA+BC",1,3,"BC",70800000,"4","Alseth_etal"
"PA14","PA+BC",1,3,"BC",59400000,"4","Alseth_etal"
"PA14","PA+BC",1,3,"BC",5.3e+07,"4","Alseth_etal"
"PA14","PA+BC",1,3,"BC",49800000,"5","Alseth_etal"
"PA14","PA+BC",1,3,"BC",53400000,"5","Alseth_etal"
"PA14","PA+BC",1,3,"BC",55200000,"5","Alseth_etal"
"PA14","PA+BC",1,3,"BC",4.7e+07,"6","Alseth_etal"
"PA14","PA+BC",1,3,"BC",4.5e+07,"6","Alseth_etal"
"PA14","PA+BC",1,3,"BC",48400000,"6","Alseth_etal"
"PA14","PA",1,0,"DMS3vir",10000,"1","Alseth_etal"
"PA14","PA",1,1,"DMS3vir",2.2e+09,"1","Alseth_etal"
"PA14","PA",1,2,"DMS3vir",4e+10,"1","Alseth_etal"
"PA14","PA",1,3,"DMS3vir",1e+09,"1","Alseth_etal"
"PA14","PA",1,0,"DMS3vir",10000,"2","Alseth_etal"
"PA14","PA",1,1,"DMS3vir",1.4e+10,"2","Alseth_etal"
"PA14","PA",1,2,"DMS3vir",2.6e+10,"2","Alseth_etal"
"PA14","PA",1,3,"DMS3vir",4e+08,"2","Alseth_etal"
"PA14","PA",1,0,"DMS3vir",10000,"3","Alseth_etal"
"PA14","PA",1,1,"DMS3vir",4.8e+09,"3","Alseth_etal"
"PA14","PA",1,2,"DMS3vir",1.4e+10,"3","Alseth_etal"
"PA14","PA",1,3,"DMS3vir",6.2e+08,"3","Alseth_etal"
"PA14","PA",1,0,"DMS3vir",10000,"4","Alseth_etal"
"PA14","PA",1,1,"DMS3vir",4e+09,"4","Alseth_etal"
"PA14","PA",1,2,"DMS3vir",3.6e+10,"4","Alseth_etal"
"PA14","PA",1,3,"DMS3vir",4e+08,"4","Alseth_etal"
"PA14","PA",1,0,"DMS3vir",10000,"5","Alseth_etal"
"PA14","PA",1,1,"DMS3vir",6.4e+09,"5","Alseth_etal"
"PA14","PA",1,2,"DMS3vir",3.4e+10,"5","Alseth_etal"
"PA14","PA",1,3,"DMS3vir",5e+08,"5","Alseth_etal"
"PA14","PA",1,0,"DMS3vir",10000,"6","Alseth_etal"
"PA14","PA",1,1,"DMS3vir",2e+10,"6","Alseth_etal"
"PA14","PA",1,2,"DMS3vir",2.2e+10,"6","Alseth_etal"
"PA14","PA",1,3,"DMS3vir",1e+08,"6","Alseth_etal"
"PA14","PA+SA",1,0,"DMS3vir",10000,"1","Alseth_etal"
"PA14","PA+SA",1,1,"DMS3vir",2.2e+09,"1","Alseth_etal"
"PA14","PA+SA",1,2,"DMS3vir",3.6e+10,"1","Alseth_etal"
"PA14","PA+SA",1,3,"DMS3vir",4.6e+07,"1","Alseth_etal"
"PA14","PA+SA",1,0,"DMS3vir",10000,"2","Alseth_etal"
"PA14","PA+SA",1,1,"DMS3vir",2.8e+09,"2","Alseth_etal"
"PA14","PA+SA",1,2,"DMS3vir",3.6e+10,"2","Alseth_etal"
"PA14","PA+SA",1,3,"DMS3vir",6.4e+07,"2","Alseth_etal"
"PA14","PA+SA",1,0,"DMS3vir",10000,"3","Alseth_etal"
"PA14","PA+SA",1,1,"DMS3vir",1.6e+09,"3","Alseth_etal"
"PA14","PA+SA",1,2,"DMS3vir",1.2e+10,"3","Alseth_etal"
"PA14","PA+SA",1,3,"DMS3vir",5.6e+07,"3","Alseth_etal"
"PA14","PA+SA",1,0,"DMS3vir",10000,"4","Alseth_etal"
"PA14","PA+SA",1,1,"DMS3vir",2.8e+09,"4","Alseth_etal"
"PA14","PA+SA",1,2,"DMS3vir",1e+10,"4","Alseth_etal"
"PA14","PA+SA",1,3,"DMS3vir",6.6e+07,"4","Alseth_etal"
"PA14","PA+SA",1,0,"DMS3vir",10000,"5","Alseth_etal"
"PA14","PA+SA",1,1,"DMS3vir",2.6e+09,"5","Alseth_etal"
"PA14","PA+SA",1,2,"DMS3vir",2e+10,"5","Alseth_etal"
"PA14","PA+SA",1,3,"DMS3vir",5.6e+07,"5","Alseth_etal"
"PA14","PA+SA",1,0,"DMS3vir",10000,"6","Alseth_etal"
"PA14","PA+SA",1,1,"DMS3vir",1.8e+09,"6","Alseth_etal"
"PA14","PA+SA",1,2,"DMS3vir",1.4e+10,"6","Alseth_etal"
"PA14","PA+SA",1,3,"DMS3vir",6.2e+07,"6","Alseth_etal"
"PA14","PA+AB",1,0,"DMS3vir",10000,"1","Alseth_etal"
"PA14","PA+AB",1,1,"DMS3vir",5e+09,"1","Alseth_etal"
"PA14","PA+AB",1,2,"DMS3vir",6.8e+09,"1","Alseth_etal"
"PA14","PA+AB",1,3,"DMS3vir",2.6e+08,"1","Alseth_etal"
"PA14","PA+AB",1,0,"DMS3vir",10000,"2","Alseth_etal"
"PA14","PA+AB",1,1,"DMS3vir",6.8e+09,"2","Alseth_etal"
"PA14","PA+AB",1,2,"DMS3vir",3e+09,"2","Alseth_etal"
"PA14","PA+AB",1,3,"DMS3vir",1.6e+08,"2","Alseth_etal"
"PA14","PA+AB",1,0,"DMS3vir",10000,"3","Alseth_etal"
"PA14","PA+AB",1,1,"DMS3vir",4.6e+09,"3","Alseth_etal"
"PA14","PA+AB",1,2,"DMS3vir",2e+09,"3","Alseth_etal"
"PA14","PA+AB",1,3,"DMS3vir",3.2e+08,"3","Alseth_etal"
"PA14","PA+AB",1,0,"DMS3vir",10000,"4","Alseth_etal"
"PA14","PA+AB",1,1,"DMS3vir",4.8e+09,"4","Alseth_etal"
"PA14","PA+AB",1,2,"DMS3vir",3.2e+09,"4","Alseth_etal"
"PA14","PA+AB",1,3,"DMS3vir",1.2e+08,"4","Alseth_etal"
"PA14","PA+AB",1,0,"DMS3vir",10000,"5","Alseth_etal"
"PA14","PA+AB",1,1,"DMS3vir",4.2e+09,"5","Alseth_etal"
"PA14","PA+AB",1,2,"DMS3vir",3.6e+09,"5","Alseth_etal"
"PA14","PA+AB",1,3,"DMS3vir",3.6e+08,"5","Alseth_etal"
"PA14","PA+AB",1,0,"DMS3vir",10000,"6","Alseth_etal"
"PA14","PA+AB",1,1,"DMS3vir",8.2e+09,"6","Alseth_etal"
"PA14","PA+AB",1,2,"DMS3vir",3.2e+09,"6","Alseth_etal"
"PA14","PA+AB",1,3,"DMS3vir",3.2e+08,"6","Alseth_etal"
"PA14","PA+BC",1,0,"DMS3vir",10000,"1","Alseth_etal"
"PA14","PA+BC",1,1,"DMS3vir",2.8e+10,"1","Alseth_etal"
"PA14","PA+BC",1,2,"DMS3vir",4.2e+08,"1","Alseth_etal"
"PA14","PA+BC",1,3,"DMS3vir",9e+07,"1","Alseth_etal"
"PA14","PA+BC",1,0,"DMS3vir",10000,"2","Alseth_etal"
"PA14","PA+BC",1,1,"DMS3vir",3.6e+10,"2","Alseth_etal"
"PA14","PA+BC",1,2,"DMS3vir",1.06e+09,"2","Alseth_etal"
"PA14","PA+BC",1,3,"DMS3vir",2.6e+08,"2","Alseth_etal"
"PA14","PA+BC",1,0,"DMS3vir",10000,"3","Alseth_etal"
"PA14","PA+BC",1,1,"DMS3vir",4.6e+10,"3","Alseth_etal"
"PA14","PA+BC",1,2,"DMS3vir",9.8e+08,"3","Alseth_etal"
"PA14","PA+BC",1,3,"DMS3vir",1.4e+08,"3","Alseth_etal"
"PA14","PA+BC",1,0,"DMS3vir",10000,"4","Alseth_etal"
"PA14","PA+BC",1,1,"DMS3vir",1e+10,"4","Alseth_etal"
"PA14","PA+BC",1,2,"DMS3vir",1.4e+09,"4","Alseth_etal"
"PA14","PA+BC",1,3,"DMS3vir",1.4e+08,"4","Alseth_etal"
"PA14","PA+BC",1,0,"DMS3vir",10000,"5","Alseth_etal"
"PA14","PA+BC",1,1,"DMS3vir",1.4e+10,"5","Alseth_etal"
"PA14","PA+BC",1,2,"DMS3vir",1e+09,"5","Alseth_etal"
"PA14","PA+BC",1,3,"DMS3vir",1.2e+08,"5","Alseth_etal"
"PA14","PA+BC",1,0,"DMS3vir",10000,"6","Alseth_etal"
"PA14","PA+BC",1,1,"DMS3vir",5.8e+09,"6","Alseth_etal"
"PA14","PA+BC",1,2,"DMS3vir",2e+09,"6","Alseth_etal"
"PA14","PA+BC",1,3,"DMS3vir",1.6e+08,"6","Alseth_etal"
"PA14","PA+AB+BC+SA",1,0,"DMS3vir",10000,"1","Alseth_etal"
"PA14","PA+AB+BC+SA",1,1,"DMS3vir",2.6e+09,"1","Alseth_etal"
"PA14","PA+AB+BC+SA",1,2,"DMS3vir",8e+09,"1","Alseth_etal"
"PA14","PA+AB+BC+SA",1,3,"DMS3vir",2e+08,"1","Alseth_etal"
"PA14","PA+AB+BC+SA",1,0,"DMS3vir",10000,"2","Alseth_etal"
"PA14","PA+AB+BC+SA",1,1,"DMS3vir",2.4e+09,"2","Alseth_etal"
"PA14","PA+AB+BC+SA",1,2,"DMS3vir",2.8e+09,"2","Alseth_etal"
"PA14","PA+AB+BC+SA",1,3,"DMS3vir",1.2e+08,"2","Alseth_etal"
"PA14","PA+AB+BC+SA",1,0,"DMS3vir",10000,"3","Alseth_etal"
"PA14","PA+AB+BC+SA",1,1,"DMS3vir",3.2e+09,"3","Alseth_etal"
"PA14","PA+AB+BC+SA",1,2,"DMS3vir",1.8e+09,"3","Alseth_etal"
"PA14","PA+AB+BC+SA",1,3,"DMS3vir",2.4e+08,"3","Alseth_etal"
"PA14","PA+AB+BC+SA",1,0,"DMS3vir",10000,"4","Alseth_etal"
"PA14","PA+AB+BC+SA",1,1,"DMS3vir",2.8e+09,"4","Alseth_etal"
"PA14","PA+AB+BC+SA",1,2,"DMS3vir",8.6e+09,"4","Alseth_etal"
"PA14","PA+AB+BC+SA",1,3,"DMS3vir",5.8e+07,"4","Alseth_etal"
"PA14","PA+AB+BC+SA",1,0,"DMS3vir",10000,"5","Alseth_etal"
"PA14","PA+AB+BC+SA",1,1,"DMS3vir",3.2e+09,"5","Alseth_etal"
"PA14","PA+AB+BC+SA",1,2,"DMS3vir",6.8e+09,"5","Alseth_etal"
"PA14","PA+AB+BC+SA",1,3,"DMS3vir",8e+07,"5","Alseth_etal"
"PA14","PA+AB+BC+SA",1,0,"DMS3vir",10000,"6","Alseth_etal"
"PA14","PA+AB+BC+SA",1,1,"DMS3vir",2.8e+09,"6","Alseth_etal"
"PA14","PA+AB+BC+SA",1,2,"DMS3vir",2.8e+09,"6","Alseth_etal"
"PA14","PA+AB+BC+SA",1,3,"DMS3vir",1e+08,"6","Alseth_etal"
"PA14","PA+surfacemutant",1,0,"DMS3vir",10000,"1","Alseth_etal"
"PA14","PA+surfacemutant",1,1,"DMS3vir",1.2e+08,"1","Alseth_etal"
"PA14","PA+surfacemutant",1,2,"DMS3vir",4.2e+09,"1","Alseth_etal"
"PA14","PA+surfacemutant",1,3,"DMS3vir",1e+09,"1","Alseth_etal"
"PA14","PA+surfacemutant",1,0,"DMS3vir",10000,"2","Alseth_etal"
"PA14","PA+surfacemutant",1,1,"DMS3vir",1e+08,"2","Alseth_etal"
"PA14","PA+surfacemutant",1,2,"DMS3vir",5.8e+09,"2","Alseth_etal"
"PA14","PA+surfacemutant",1,3,"DMS3vir",5.2e+08,"2","Alseth_etal"
"PA14","PA+surfacemutant",1,0,"DMS3vir",10000,"3","Alseth_etal"
"PA14","PA+surfacemutant",1,1,"DMS3vir",4.4e+07,"3","Alseth_etal"
"PA14","PA+surfacemutant",1,2,"DMS3vir",3.4e+09,"3","Alseth_etal"
"PA14","PA+surfacemutant",1,3,"DMS3vir",5.6e+08,"3","Alseth_etal"
"PA14","PA+surfacemutant",1,0,"DMS3vir",10000,"4","Alseth_etal"
"PA14","PA+surfacemutant",1,1,"DMS3vir",6.8e+07,"4","Alseth_etal"
"PA14","PA+surfacemutant",1,2,"DMS3vir",5e+09,"4","Alseth_etal"
"PA14","PA+surfacemutant",1,3,"DMS3vir",4.2e+08,"4","Alseth_etal"
"PA14","PA+surfacemutant",1,0,"DMS3vir",10000,"5","Alseth_etal"
"PA14","PA+surfacemutant",1,1,"DMS3vir",5.6e+07,"5","Alseth_etal"
"PA14","PA+surfacemutant",1,2,"DMS3vir",7.8e+09,"5","Alseth_etal"
"PA14","PA+surfacemutant",1,3,"DMS3vir",5.8e+08,"5","Alseth_etal"
"PA14","PA+surfacemutant",1,0,"DMS3vir",10000,"6","Alseth_etal"
"PA14","PA+surfacemutant",1,1,"DMS3vir",1e+08,"6","Alseth_etal"
"PA14","PA+surfacemutant",1,2,"DMS3vir",1.4e+10,"6","Alseth_etal"
"PA14","PA+surfacemutant",1,3,"DMS3vir",1.8e+08,"6","Alseth_etal"
"Klebsiella","K",0,0,"Klebsiella",9333333.333,"1","Johnke_etal"
"Klebsiella","K",0,0,"Klebsiella",8166666.667,"2","Johnke_etal"
"Klebsiella","P",0,0,"Pseudomonas",2350000,"3","Johnke_etal"
"Klebsiella","P",0,0,"Pseudomonas",1737500,"4","Johnke_etal"
"Klebsiella","S",0,0,"Staphylococcus",3e+07,"5","Johnke_etal"
"Klebsiella","S",0,0,"Staphylococcus",27500000,"6","Johnke_etal"
"Klebsiella","K",0,1,"Klebsiella",261666666.7,"7","Johnke_etal"
"Klebsiella","K",0,1,"Klebsiella",349166666.7,"8","Johnke_etal"
"Klebsiella","P",0,1,"Pseudomonas",123333333.3,"9","Johnke_etal"
"Klebsiella","P",0,1,"Pseudomonas",113333333.3,"10","Johnke_etal"
"Klebsiella","S",0,1,"Staphylococcus",2550000,"11","Johnke_etal"
"Klebsiella","S",0,1,"Staphylococcus",5833333.333,"12","Johnke_etal"
"Klebsiella","K",0,2,"Klebsiella",8.8e+08,"13","Johnke_etal"
"Klebsiella","K",0,2,"Klebsiella",7.5e+08,"14","Johnke_etal"
"Klebsiella","P",0,2,"Pseudomonas",116666666.7,"15","Johnke_etal"
"Klebsiella","P",0,2,"Pseudomonas",1.8e+08,"16","Johnke_etal"
"Klebsiella","S",0,2,"Staphylococcus",1737500,"17","Johnke_etal"
"Klebsiella","S",0,2,"Staphylococcus",3012500,"18","Johnke_etal"
"Klebsiella","K",0,3,"Klebsiella",5.71e+08,"19","Johnke_etal"
"Klebsiella","K",0,3,"Klebsiella",525833333.3,"20","Johnke_etal"
"Klebsiella","P",0,3,"Pseudomonas",86666666.67,"21","Johnke_etal"
"Klebsiella","P",0,3,"Pseudomonas",1.3e+08,"22","Johnke_etal"
"Klebsiella","S",0,3,"Staphylococcus",1037500,"23","Johnke_etal"
"Klebsiella","S",0,3,"Staphylococcus",775000,"24","Johnke_etal"
"Klebsiella","K+P+S",0,0,"Klebsiella",4529450,"25","Johnke_etal"
"Klebsiella","K+P+S",0,0,"Klebsiella",5186466.667,"26","Johnke_etal"
"Klebsiella","K+P+S",0,0,"Pseudomonas",3500000,"27","Johnke_etal"
"Klebsiella","K+P+S",0,0,"Pseudomonas",2166666.667,"28","Johnke_etal"
"Klebsiella","K+P+S",0,0,"Staphylococcus",46666666.67,"29","Johnke_etal"
"Klebsiella","K+P+S",0,0,"Staphylococcus",7e+07,"30","Johnke_etal"
"Klebsiella","K+P+S",0,1,"Klebsiella",2500269.667,"31","Johnke_etal"
"Klebsiella","K+P+S",0,1,"Klebsiella",833451.25,"32","Johnke_etal"
"Klebsiella","K+P+S",0,1,"Pseudomonas",22083333.33,"33","Johnke_etal"
"Klebsiella","K+P+S",0,1,"Pseudomonas",3.6e+07,"34","Johnke_etal"
"Klebsiella","K+P+S",0,1,"Staphylococcus",24833333.33,"35","Johnke_etal"
"Klebsiella","K+P+S",0,1,"Staphylococcus",26833333.33,"36","Johnke_etal"
"Klebsiella","K+P+S",0,2,"Klebsiella",3333609.167,"37","Johnke_etal"
"Klebsiella","K+P+S",0,2,"Klebsiella",6666986.667,"38","Johnke_etal"
"Klebsiella","K+P+S",0,2,"Pseudomonas",86666666.67,"39","Johnke_etal"
"Klebsiella","K+P+S",0,2,"Pseudomonas",81666666.67,"40","Johnke_etal"
"Klebsiella","K+P+S",0,2,"Staphylococcus",2625000,"41","Johnke_etal"
"Klebsiella","K+P+S",0,2,"Staphylococcus",13625000,"42","Johnke_etal"
"Klebsiella","K+P+S",0,3,"Klebsiella",5000475,"43","Johnke_etal"
"Klebsiella","K+P+S",0,3,"Klebsiella",4000122,"44","Johnke_etal"
"Klebsiella","K+P+S",0,3,"Pseudomonas",138750000,"45","Johnke_etal"
"Klebsiella","K+P+S",0,3,"Pseudomonas",122500000,"46","Johnke_etal"
"Klebsiella","K+P+S",0,3,"Staphylococcus",5400000,"47","Johnke_etal"
"Klebsiella","K+P+S",0,3,"Staphylococcus",8785714.286,"48","Johnke_etal"
"Klebsiella","K",1,0,"Klebsiella",11500000,"49","Johnke_etal"
"Klebsiella","K",1,0,"Klebsiella",3525000,"50","Johnke_etal"
"Klebsiella","K",1,0,"Klebsiella",3e+06,"51","Johnke_etal"
"Klebsiella","P",1,0,"Kleb_phage",803000,"52","Johnke_etal"
"Klebsiella","P",1,0,"Kleb_phage",560000,"53","Johnke_etal"
"Klebsiella","P",1,0,"Kleb_phage",43300,"54","Johnke_etal"
"Klebsiella","K",1,1,"Klebsiella",1.4e+07,"55","Johnke_etal"
"Klebsiella","K",1,1,"Klebsiella",9e+06,"56","Johnke_etal"
"Klebsiella","K",1,1,"Klebsiella",82500000,"57","Johnke_etal"
"Klebsiella","P",1,1,"Kleb_phage",760000,"58","Johnke_etal"
"Klebsiella","P",1,1,"Kleb_phage",1170000,"59","Johnke_etal"
"Klebsiella","P",1,1,"Kleb_phage",38700,"60","Johnke_etal"
"Klebsiella","P",1,2,"Kleb_phage",403000,"61","Johnke_etal"
"Klebsiella","P",1,2,"Kleb_phage",360000,"62","Johnke_etal"
"Klebsiella","P",1,2,"Kleb_phage",128000,"63","Johnke_etal"
"Klebsiella","P",1,3,"Kleb_phage",253000,"64","Johnke_etal"
"Klebsiella","P",1,3,"Kleb_phage",187000,"65","Johnke_etal"
"Klebsiella","P",1,3,"Kleb_phage",757000,"66","Johnke_etal"
"Klebsiella","K",1,2,"Klebsiella",4.1e+07,"67","Johnke_etal"
"Klebsiella","K",1,2,"Klebsiella",22833333.33,"68","Johnke_etal"
"Klebsiella","K",1,2,"Klebsiella",141250000,"69","Johnke_etal"
"Klebsiella","K",1,3,"Klebsiella",33750000,"70","Johnke_etal"
"Klebsiella","K",1,3,"Klebsiella",19333333.33,"71","Johnke_etal"
"Klebsiella","K",1,3,"Klebsiella",168750000,"72","Johnke_etal"
"Klebsiella","K+P+S",1,0,"Klebsiella",2466666.667,"73","Johnke_etal"
"Klebsiella","K+P+S",1,0,"Klebsiella",2066666.667,"74","Johnke_etal"
"Klebsiella","K+P+S",1,0,"Klebsiella",833333.3333,"75","Johnke_etal"
"Klebsiella","K+P+S",1,0,"Pseudomonas",1600000,"76","Johnke_etal"
"Klebsiella","K+P+S",1,0,"Pseudomonas",933333.3333,"77","Johnke_etal"
"Klebsiella","K+P+S",1,0,"Pseudomonas",733333.3333,"78","Johnke_etal"
"Klebsiella","K+P+S",1,0,"Staphylococcus",1.3e+07,"79","Johnke_etal"
"Klebsiella","K+P+S",1,0,"Staphylococcus",6333333.333,"80","Johnke_etal"
"Klebsiella","K+P+S",1,0,"Staphylococcus",6666666.667,"81","Johnke_etal"
"Klebsiella","K+P+S",1,1,"Klebsiella",2e+05,"82","Johnke_etal"
"Klebsiella","K+P+S",1,1,"Klebsiella",10000,"83","Johnke_etal"
"Klebsiella","K+P+S",1,1,"Klebsiella",150000,"84","Johnke_etal"
"Klebsiella","K+P+S",1,1,"Pseudomonas",7200000,"85","Johnke_etal"
"Klebsiella","K+P+S",1,1,"Pseudomonas",5666666.667,"86","Johnke_etal"
"Klebsiella","K+P+S",1,1,"Pseudomonas",1.6e+07,"87","Johnke_etal"
"Klebsiella","K+P+S",1,1,"Staphylococcus",7e+06,"88","Johnke_etal"
"Klebsiella","K+P+S",1,1,"Staphylococcus",7666666.667,"89","Johnke_etal"
"Klebsiella","K+P+S",1,1,"Staphylococcus",6333333.333,"90","Johnke_etal"
"Klebsiella","K+P+S",1,2,"Klebsiella",0,"91","Johnke_etal"
"Klebsiella","K+P+S",1,2,"Klebsiella",0,"92","Johnke_etal"
"Klebsiella","K+P+S",1,2,"Klebsiella",0,"93","Johnke_etal"
"Klebsiella","K+P+S",1,2,"Pseudomonas",1.2e+07,"94","Johnke_etal"
"Klebsiella","K+P+S",1,2,"Pseudomonas",11666666.67,"95","Johnke_etal"
"Klebsiella","K+P+S",1,2,"Pseudomonas",2e+07,"96","Johnke_etal"
"Klebsiella","K+P+S",1,2,"Staphylococcus",4e+06,"97","Johnke_etal"
"Klebsiella","K+P+S",1,2,"Staphylococcus",4420000,"98","Johnke_etal"
"Klebsiella","K+P+S",1,2,"Staphylococcus",1950000,"99","Johnke_etal"
"Klebsiella","K+P+S",1,3,"Klebsiella",0,"100","Johnke_etal"
"Klebsiella","K+P+S",1,3,"Klebsiella",0,"101","Johnke_etal"
"Klebsiella","K+P+S",1,3,"Klebsiella",0,"102","Johnke_etal"
"Klebsiella","K+P+S",1,3,"Pseudomonas",12500000,"103","Johnke_etal"
"Klebsiella","K+P+S",1,3,"Pseudomonas",25500000,"104","Johnke_etal"
"Klebsiella","K+P+S",1,3,"Pseudomonas",17500000,"105","Johnke_etal"
"Klebsiella","K+P+S",1,3,"Staphylococcus",4e+06,"106","Johnke_etal"
"Klebsiella","K+P+S",1,3,"Staphylococcus",6e+06,"107","Johnke_etal"
"Klebsiella","K+P+S",1,3,"Staphylococcus",1240000,"108","Johnke_etal"
"Klebsiella","K+P+S",1,0,"Kleb_phage",233000,"109","Johnke_etal"
"Klebsiella","K+P+S",1,0,"Kleb_phage",6830000,"110","Johnke_etal"
"Klebsiella","K+P+S",1,0,"Kleb_phage",467000,"111","Johnke_etal"
"Klebsiella","K+P+S",1,1,"Kleb_phage",8930000,"112","Johnke_etal"
"Klebsiella","K+P+S",1,1,"Kleb_phage",6300000,"113","Johnke_etal"
"Klebsiella","K+P+S",1,1,"Kleb_phage",7530000,"114","Johnke_etal"
"Klebsiella","K+P+S",1,2,"Kleb_phage",24200000,"115","Johnke_etal"
"Klebsiella","K+P+S",1,2,"Kleb_phage",2.8e+07,"116","Johnke_etal"
"Klebsiella","K+P+S",1,2,"Kleb_phage",31700000,"117","Johnke_etal"
"Klebsiella","K+P+S",1,3,"Kleb_phage",11700000,"118","Johnke_etal"
"Klebsiella","K+P+S",1,3,"Kleb_phage",19300000,"119","Johnke_etal"
"Klebsiella","K+P+S",1,3,"Kleb_phage",1.6e+07,"120","Johnke_etal"
